"yield";"family";"replicate";"block";"plot"
5,42066649465198;"F8";"R1";"B3";"P1"
6,05183999060462;"F8";"R1";"B3";"P1"
5,49492220005818;"F8";"R1";"B3";"P1"
5,97758428519843;"F8";"R1";"B3";"P1"
7,12854771899439;"F8";"R1";"B3";"P1"
6,90578060277581;"F8";"R1";"B3";"P1"
6,57162992844796;"F8";"R1";"B3";"P1"
7,38844268791606;"F8";"R1";"B3";"P1"
7,23993127710368;"F8";"R1";"B3";"P1"
6,94290845547892;"F8";"R1";"B3";"P1"
6,79439704466653;"F8";"R1";"B3";"P1"
6,86865275007272;"F8";"R1";"B3";"P1"
6,01471213790152;"F8";"R5";"B2";"P3"
4,90087655680864;"F8";"R5";"B2";"P3"
4,30683091355911;"F8";"R5";"B2";"P3"
4,49247017707459;"F8";"R5";"B2";"P3"
4,23257520815292;"F8";"R5";"B2";"P3"
6,31173495952629;"F8";"R5";"B2";"P3"
5,3092829365427;"F8";"R5";"B2";"P3"
5,3464107892458;"F8";"R5";"B2";"P3"
5,49492220005818;"F8";"R5";"B2";"P3"
5,90332857979223;"F8";"R5";"B2";"P3"
5,19789937843341;"F8";"R5";"B2";"P3"
5,56917790546437;"F8";"R5";"B2";"P3"
5,71768931627675;"F8";"R2";"B4";"P3"
5,04938796762103;"F8";"R2";"B4";"P3"
3,93555238652815;"F8";"R2";"B4";"P3"
5,2721550838396;"F8";"R2";"B4";"P3"
5,90332857979223;"F8";"R2";"B4";"P3"
5,64343361087056;"F8";"R2";"B4";"P3"
5,64343361087056;"F8";"R2";"B4";"P3"
4,67810944059007;"F8";"R2";"B4";"P3"
5,60630575816747;"F8";"R2";"B4";"P3"
2,19054330948265;"F8";"R2";"B4";"P3"
5,79194502168294;"F8";"R2";"B4";"P3"
5,19789937843341;"F8";"R2";"B4";"P3"
4,64098158788697;"F8";"R3";"B2";"P3"
4,4182144716684;"F8";"R3";"B2";"P3"
3,89842453382505;"F8";"R3";"B2";"P3"
4,75236514599627;"F8";"R6";"B2";"P3"
5,42066649465199;"F8";"R6";"B2";"P3"
5,94045643249533;"F8";"R6";"B2";"P3"
3,93555238652815;"F8";"R3";"B2";"P3"
4,93800440951174;"F8";"R3";"B2";"P3"
4,30683091355911;"F8";"R3";"B2";"P3"
5,45779434735508;"F8";"R6";"B2";"P3"
5,64343361087056;"F8";"R6";"B2";"P3"
5,82907287438604;"F8";"R6";"B2";"P3"
3,74991312301267;"F8";"R3";"B2";"P3"
4,3810866189653;"F8";"R3";"B2";"P3"
4,34395876626221;"F8";"R3";"B2";"P3"
4,49247017707459;"F8";"R6";"B2";"P3"
4,34395876626221;"F8";"R6";"B2";"P3"
5,34641078924579;"F8";"R6";"B2";"P3"
4,71523729329317;"F8";"R3";"B2";"P3"
3,82416882841887;"F8";"R3";"B2";"P3"
4,82662085140246;"F8";"R3";"B2";"P3"
5,45779434735508;"F8";"R6";"B2";"P3"
4,00980809193435;"F8";"R6";"B2";"P3"
5,3092829365427;"F8";"R6";"B2";"P3"
4,97513226221484;"F8";"R4";"B5";"P3"
4,78949299869936;"F8";"R4";"B5";"P3"
5,23502723113651;"F8";"R4";"B5";"P3"
4,00980809193435;"F8";"R4";"B5";"P3"
6,60875778115106;"F8";"R4";"B5";"P3"
4,26970306085602;"F8";"R4";"B5";"P3"
5,49492220005818;"F8";"R4";"B5";"P3"
4,60385373518388;"F8";"R4";"B5";"P3"
3,26725103787243;"F8";"R4";"B5";"P3"
6,05183999060462;"F8";"R4";"B5";"P3"
6,08896784330771;"F8";"R4";"B5";"P3"
6,64588563385415;"F8";"R4";"B5";"P3"
9,22982094398661;"F13";"R1";"B1";"P5"
7,1874775861683;"F13";"R1";"B1";"P5"
7,50168425660188;"F13";"R1";"B1";"P5"
8,83706260594464;"F13";"R5";"B4";"P1"
6,95182258334311;"F13";"R5";"B4";"P1"
5,61644423400037;"F13";"R5";"B4";"P1"
7,85516676083967;"F13";"R1";"B1";"P5"
6,55906424530112;"F13";"R1";"B1";"P5"
6,36268507628013;"F13";"R1";"B1";"P5"
8,05154592986067;"F13";"R5";"B4";"P1"
9,15126927637821;"F13";"R5";"B4";"P1"
7,03037425095151;"F13";"R5";"B4";"P1"
5,30223756356677;"F13";"R1";"B1";"P5"
6,32340924247594;"F13";"R1";"B1";"P5"
5,61644423400037;"F13";"R1";"B1";"P5"
8,64068343692364;"F13";"R5";"B4";"P1"
6,71616758051792;"F13";"R5";"B4";"P1"
7,89444259464387;"F13";"R5";"B4";"P1"
6,12703007345494;"F13";"R1";"B1";"P5"
9,50475178061601;"F13";"R1";"B1";"P5"
6,40196091008433;"F13";"R1";"B1";"P5"
6,48051257769273;"F13";"R5";"B4";"P1"
8,01227009605647;"F13";"R5";"B4";"P1"
5,61644423400037;"F13";"R5";"B4";"P1"
4,51672088748281;"F13";"R2";"B5";"P5"
5,22368589595838;"F13";"R2";"B5";"P5"
7,4231325889935;"F13";"R2";"B5";"P5"
5,96992673823816;"F13";"R2";"B5";"P5"
7,2660292537767;"F13";"R2";"B5";"P5"
3,41699754096526;"F13";"R2";"B5";"P5"
6,16630590725915;"F13";"R2";"B5";"P5"
5,53789256639198;"F13";"R2";"B5";"P5"
6,48051257769274;"F13";"R2";"B5";"P5"
8,83706260594462;"F13";"R2";"B5";"P5"
7,58023592421028;"F13";"R2";"B5";"P5"
6,36268507628013;"F13";"R2";"B5";"P5"
5,85209923682556;"F13";"R3";"B5";"P1"
5,14513422834999;"F13";"R3";"B5";"P1"
6,95182258334311;"F13";"R3";"B5";"P1"
4,9880308931332;"F13";"R6";"B2";"P1"
4,752375890308;"F13";"R6";"B2";"P1"
7,3053050875809;"F13";"R6";"B2";"P1"
5,85209923682556;"F13";"R3";"B5";"P1"
6,28413340867175;"F13";"R3";"B5";"P1"
7,42313258899349;"F13";"R3";"B5";"P1"
8,40502843409844;"F13";"R6";"B2";"P1"
5,73427173541296;"F13";"R6";"B2";"P1"
6,24485757486754;"F13";"R6";"B2";"P1"
7,93371842844807;"F13";"R3";"B5";"P1"
5,81282340302135;"F13";"R3";"B5";"P1"
5,81282340302136;"F13";"R3";"B5";"P1"
5,06658256074159;"F13";"R6";"B2";"P1"
7,0303742509515;"F13";"R6";"B2";"P1"
7,58023592421028;"F13";"R6";"B2";"P1"
8,28720093268586;"F13";"R3";"B5";"P1"
6,83399508193052;"F13";"R3";"B5";"P1"
7,18747758616829;"F13";"R3";"B5";"P1"
6,04847840584655;"F13";"R6";"B2";"P1"
6,16630590725914;"F13";"R6";"B2";"P1"
8,16937343127326;"F13";"R6";"B2";"P1"
5,93065090443395;"F13";"R4";"B2";"P1"
4,00613504802823;"F13";"R4";"B2";"P1"
6,44123674388854;"F13";"R4";"B2";"P1"
6,63761591290953;"F13";"R4";"B2";"P1"
6,59834007910532;"F13";"R4";"B2";"P1"
6,59834007910532;"F13";"R4";"B2";"P1"
5,45934089878357;"F13";"R4";"B2";"P1"
7,38385675518929;"F13";"R4";"B2";"P1"
8,13009759746907;"F13";"R4";"B2";"P1"
5,14513422834999;"F13";"R4";"B2";"P1"
4,35961755226602;"F13";"R4";"B2";"P1"
5,14513422834999;"F13";"R4";"B2";"P1"
6,56847495124851;"F17";"R1";"B4";"P1"
6,34952578620689;"F17";"R1";"B4";"P1"
7,15233939135948;"F17";"R1";"B4";"P1"
7,22532244637336;"F17";"R1";"B4";"P1"
5,94811898363059;"F17";"R1";"B4";"P1"
5,2547799609988;"F17";"R1";"B4";"P1"
4,23301719080459;"F17";"R1";"B4";"P1"
5,87513592861672;"F17";"R1";"B4";"P1"
4,70740704839476;"F17";"R1";"B4";"P1"
7,18883091886642;"F17";"R1";"B4";"P1"
6,38601731371382;"F17";"R1";"B4";"P1"
6,20355967617914;"F17";"R1";"B4";"P1"
5,6561867635751;"F17";"R5";"B2";"P4"
4,12354260828378;"F17";"R5";"B2";"P4"
7,15233939135948;"F17";"R5";"B2";"P4"
6,38601731371383;"F17";"R5";"B2";"P4"
4,3424917733254;"F17";"R5";"B2";"P4"
5,83864440110978;"F17";"R5";"B2";"P4"
6,53198342374157;"F17";"R5";"B2";"P4"
6,67794953376931;"F17";"R5";"B2";"P4"
5,76566134609591;"F17";"R5";"B2";"P4"
5,29127148850574;"F17";"R5";"B2";"P4"
6,4590003687277;"F17";"R5";"B2";"P4"
7,29830550138722;"F17";"R5";"B2";"P4"
6,1670681486722;"F17";"R2";"B3";"P2"
5,10881385097105;"F17";"R2";"B3";"P2"
5,32776301601267;"F17";"R2";"B3";"P2"
2,95581372806183;"F17";"R2";"B3";"P2"
4,96284774094331;"F17";"R2";"B3";"P2"
5,03583079595719;"F17";"R2";"B3";"P2"
4,05055955326991;"F17";"R2";"B3";"P2"
4,30600024581846;"F17";"R2";"B3";"P2"
4,7438985759017;"F17";"R2";"B3";"P2"
3,9410849707491;"F17";"R2";"B3";"P2"
4,05055955326991;"F17";"R2";"B3";"P2"
4,45196635584621;"F17";"R2";"B3";"P2"
3,97757649825604;"F17";"R3";"B5";"P4"
4,81688163091557;"F17";"R3";"B5";"P4"
5,51022065354736;"F17";"R3";"B5";"P4"
2,73686456302021;"F17";"R3";"B5";"P4"
4,08705108077685;"F17";"R3";"B5";"P4"
4,08705108077685;"F17";"R3";"B5";"P4"
5,40074607102654;"F17";"R3";"B5";"P4"
4,05055955326991;"F17";"R3";"B5";"P4"
4,70740704839476;"F17";"R3";"B5";"P4"
5,43723759853349;"F17";"R3";"B5";"P4"
3,5396781681728;"F17";"R3";"B5";"P4"
4,26950871831153;"F17";"R3";"B5";"P4"
4,67091552088782;"F17";"R4";"B1";"P4"
5,10881385097106;"F17";"R4";"B1";"P4"
4,70740704839476;"F17";"R4";"B1";"P4"
5,40074607102655;"F17";"R6";"B3";"P4"
3,97757649825604;"F17";"R6";"B3";"P4"
3,9410849707491;"F17";"R6";"B3";"P4"
4,63442399338089;"F17";"R4";"B1";"P4"
4,70740704839476;"F17";"R4";"B1";"P4"
4,99933926845025;"F17";"R4";"B1";"P4"
7,44427161141497;"F17";"R6";"B3";"P4"
6,13057662116527;"F17";"R6";"B3";"P4"
5,43723759853348;"F17";"R6";"B3";"P4"
4,99933926845025;"F17";"R4";"B1";"P4"
2,84633914554102;"F17";"R4";"B1";"P4"
6,24005120368607;"F17";"R4";"B1";"P4"
4,30600024581846;"F17";"R6";"B3";"P4"
6,31303425869996;"F17";"R6";"B3";"P4"
4,96284774094331;"F17";"R6";"B3";"P4"
3,21125442061038;"F17";"R4";"B1";"P4"
6,20355967617914;"F17";"R4";"B1";"P4"
6,38601731371382;"F17";"R4";"B1";"P4"
4,63442399338089;"F17";"R6";"B3";"P4"
4,48845788335314;"F17";"R6";"B3";"P4"
5,32776301601267;"F17";"R6";"B3";"P4"
6,90388001524103;"F18";"R1";"B2";"P4"
7,67097779471225;"F18";"R1";"B2";"P4"
6,6481807554173;"F18";"R1";"B2";"P4"
8,73030329969633;"F18";"R1";"B2";"P4"
7,12305080937567;"F18";"R1";"B2";"P4"
9,60698647623489;"F18";"R1";"B2";"P4"
6,97693694661925;"F18";"R1";"B2";"P4"
6,28289609852623;"F18";"R1";"B2";"P4"
9,57045801054577;"F18";"R1";"B2";"P4"
7,89014858884689;"F18";"R1";"B2";"P4"
6,50206689266087;"F18";"R1";"B2";"P4"
8,25543324573797;"F18";"R1";"B2";"P4"
6,86735154955193;"F18";"R2";"B4";"P1"
7,3056931378212;"F18";"R2";"B4";"P1"
7,48833546626674;"F18";"R2";"B4";"P1"
8,73030329969634;"F18";"R2";"B4";"P1"
7,45180700057762;"F18";"R2";"B4";"P1"
9,97227113312593;"F18";"R2";"B4";"P1"
5,95413990732428;"F18";"R2";"B4";"P1"
8,76683176538545;"F18";"R2";"B4";"P1"
6,42900996128266;"F18";"R2";"B4";"P1"
7,26916467213209;"F18";"R2";"B4";"P1"
8,91294562814187;"F18";"R2";"B4";"P1"
7,37875006919941;"F18";"R2";"B4";"P1"
7,3056931378212;"F18";"R5";"B3";"P5"
7,08652234368656;"F18";"R5";"B3";"P5"
6,83082308386282;"F18";"R5";"B3";"P5"
6,61165228972818;"F18";"R5";"B3";"P5"
5,58885525043322;"F18";"R5";"B3";"P5"
6,46553842697176;"F18";"R5";"B3";"P5"
6,42900996128265;"F18";"R5";"B3";"P5"
4,71217207389467;"F18";"R5";"B3";"P5"
7,45180700057762;"F18";"R5";"B3";"P5"
8,14584784867064;"F18";"R5";"B3";"P5"
6,68470922110639;"F18";"R5";"B3";"P5"
7,89014858884689;"F18";"R3";"B4";"P5"
5,26009905923126;"F18";"R3";"B4";"P5"
6,97693694661925;"F18";"R3";"B4";"P5"
8,36501864280528;"F18";"R3";"B4";"P5"
6,31942456421534;"F18";"R3";"B4";"P5"
9,1321164222765;"F18";"R3";"B4";"P5"
5,88108297594607;"F18";"R3";"B4";"P5"
7,70750626040137;"F18";"R3";"B4";"P5"
6,24636763283713;"F18";"R3";"B4";"P5"
5,58885525043321;"F18";"R3";"B4";"P5"
7,34222160351031;"F18";"R3";"B4";"P5"
6,0637253043916;"F18";"R3";"B4";"P5"
6,53859535834997;"F18";"R4";"B2";"P5"
6,46553842697177;"F18";"R4";"B2";"P5"
7,45180700057762;"F18";"R4";"B2";"P5"
6,35595302990444;"F18";"R6";"B3";"P5"
8,32849017711616;"F18";"R6";"B3";"P5"
6,75776615248461;"F18";"R6";"B3";"P5"
7,70750626040136;"F18";"R4";"B2";"P5"
6,1367822357698;"F18";"R4";"B2";"P5"
7,15957927506477;"F18";"R4";"B2";"P5"
7,70750626040136;"F18";"R6";"B3";"P5"
6,13678223576981;"F18";"R6";"B3";"P5"
8,18237631435974;"F18";"R6";"B3";"P5"
8,36501864280527;"F18";"R4";"B2";"P5"
7,59792086333404;"F18";"R4";"B2";"P5"
5,77149757887875;"F18";"R4";"B2";"P5"
6,79429461817371;"F18";"R6";"B3";"P5"
6,97693694661925;"F18";"R6";"B3";"P5"
5,73496911318964;"F18";"R6";"B3";"P5"
7,15957927506477;"F18";"R4";"B2";"P5"
7,78056319177957;"F18";"R4";"B2";"P5"
7,48833546626673;"F18";"R4";"B2";"P5"
7,78056319177958;"F18";"R6";"B3";"P5"
7,04999387799746;"F18";"R6";"B3";"P5"
8,10931938298154;"F18";"R6";"B3";"P5"
7,06009164121818;"F1";"R1";"B1";"P1"
4,86361868617252;"F1";"R1";"B1";"P1"
6,04030062637556;"F1";"R1";"B1";"P1"
5,02050961153293;"F1";"R5";"B2";"P1"
5,72651877565475;"F1";"R5";"B2";"P1"
5,84418696967505;"F1";"R5";"B2";"P1"
8,07988265606081;"F1";"R1";"B1";"P1"
3,7261594773096;"F1";"R1";"B1";"P1"
6,58941886513697;"F1";"R1";"B1";"P1"
6,27563701441616;"F1";"R5";"B2";"P1"
4,58905956679181;"F1";"R5";"B2";"P1"
7,17775983523849;"F1";"R5";"B2";"P1"
6,55019613379686;"F1";"R1";"B1";"P1"
4,70672776081212;"F1";"R1";"B1";"P1"
6,90320071585778;"F1";"R1";"B1";"P1"
5,29506873091364;"F1";"R5";"B2";"P1"
6,00107789503546;"F1";"R5";"B2";"P1"
7,8445462680202;"F1";"R5";"B2";"P1"
4,98128688019283;"F1";"R1";"B1";"P1"
6,47175067111667;"F1";"R1";"B1";"P1"
6,11874608905576;"F1";"R1";"B1";"P1"
5,09895507421313;"F1";"R5";"B2";"P1"
5,64807331297455;"F1";"R5";"B2";"P1"
6,86397798451767;"F1";"R5";"B2";"P1"
5,45195965627404;"F1";"R2";"B1";"P5"
5,29506873091363;"F1";"R2";"B1";"P5"
4,74595049215223;"F1";"R2";"B1";"P5"
6,04030062637555;"F1";"R2";"B1";"P5"
4,86361868617253;"F1";"R2";"B1";"P5"
4,39294591009131;"F1";"R2";"B1";"P5"
4,78517322349232;"F1";"R2";"B1";"P5"
4,66750502947202;"F1";"R2";"B1";"P5"
2,43180934308626;"F1";"R2";"B1";"P5"
3,68693674596949;"F1";"R2";"B1";"P5"
3,8438276713299;"F1";"R2";"B1";"P5"
5,76574150699486;"F1";"R2";"B1";"P5"
4,19683225339081;"F1";"R3";"B4";"P1"
3,56926855194919;"F1";"R3";"B4";"P1"
5,33429146225374;"F1";"R3";"B4";"P1"
3,7653822086497;"F1";"R6";"B1";"P1"
5,13817780555323;"F1";"R6";"B1";"P1"
6,98164617853798;"F1";"R6";"B1";"P1"
5,13817780555324;"F1";"R3";"B4";"P1"
4,94206414885273;"F1";"R3";"B4";"P1"
4,90284141751263;"F1";"R6";"B1";"P1"
6,43252793977656;"F1";"R6";"B1";"P1"
4,1183867907106;"F1";"R3";"B4";"P1"
5,68729604431465;"F1";"R3";"B4";"P1"
4,19683225339081;"F1";"R3";"B4";"P1"
4,98128688019283;"F1";"R6";"B1";"P1"
5,37351419359384;"F1";"R6";"B1";"P1"
3,8438276713299;"F1";"R3";"B4";"P1"
4,94206414885273;"F1";"R3";"B4";"P1"
2,35336388040606;"F1";"R3";"B4";"P1"
5,13817780555323;"F1";"R6";"B1";"P1"
3,60849128328929;"F1";"R6";"B1";"P1"
2,74559119380707;"F1";"R6";"B1";"P1"
5,29506873091364;"F1";"R4";"B4";"P1"
6,11874608905576;"F1";"R4";"B4";"P1"
4,78517322349233;"F1";"R4";"B4";"P1"
5,41273692493393;"F1";"R4";"B4";"P1"
5,09895507421313;"F1";"R4";"B4";"P1"
2,47103207442636;"F1";"R4";"B4";"P1"
4,62828229813192;"F1";"R4";"B4";"P1"
6,00107789503545;"F1";"R4";"B4";"P1"
2,31414114906596;"F1";"R4";"B4";"P1"
4,98128688019282;"F1";"R4";"B4";"P1"
4,19683225339081;"F1";"R4";"B4";"P1"
5,25584599957354;"F1";"R4";"B4";"P1"
6,25468269353408;"F2";"R1";"B2";"P3"
6,09733218552065;"F2";"R1";"B2";"P3"
6,88408472558783;"F2";"R1";"B2";"P3"
5,8613064235005;"F2";"R1";"B2";"P3"
4,28780134336613;"F2";"R1";"B2";"P3"
6,76607184457775;"F2";"R1";"B2";"P3"
7,74951251966173;"F2";"R1";"B2";"P3"
4,40581422437621;"F2";"R1";"B2";"P3"
5,97931930451057;"F2";"R1";"B2";"P3"
6,88408472558783;"F2";"R1";"B2";"P3"
6,56938370956095;"F2";"R1";"B2";"P3"
3,46171117629559;"F2";"R1";"B2";"P3"
6,3333579475408;"F2";"R5";"B1";"P5"
5,03521625642996;"F2";"R5";"B1";"P5"
5,82196879649713;"F2";"R5";"B1";"P5"
4,56316473238964;"F2";"R5";"B1";"P5"
5,34991727245683;"F2";"R5";"B1";"P5"
7,90686302767516;"F2";"R5";"B1";"P5"
5,66461828848371;"F2";"R5";"B1";"P5"
4,40581422437621;"F2";"R5";"B1";"P5"
5,97931930451056;"F2";"R5";"B1";"P5"
3,81574981932582;"F2";"R5";"B1";"P5"
4,36647659737285;"F2";"R5";"B1";"P5"
6,53004608255759;"F2";"R5";"B1";"P5"
6,41203320154752;"F2";"R2";"B2";"P1"
4,09111320834934;"F2";"R2";"B2";"P1"
5,82196879649713;"F2";"R2";"B2";"P1"
4,40581422437621;"F2";"R2";"B2";"P1"
5,78263116949377;"F2";"R2";"B2";"P1"
4,91720337541987;"F2";"R2";"B2";"P1"
4,75985286740644;"F2";"R2";"B2";"P1"
6,09733218552065;"F2";"R2";"B2";"P1"
4,56316473238965;"F2";"R2";"B2";"P1"
5,74329354249041;"F2";"R2";"B2";"P1"
6,45137082855088;"F2";"R2";"B2";"P1"
4,87786574841651;"F2";"R2";"B2";"P1"
6,09733218552065;"F2";"R3";"B5";"P5"
5,15322913744003;"F2";"R3";"B5";"P5"
4,40581422437621;"F2";"R3";"B5";"P5"
4,44515185137957;"F2";"R6";"B1";"P5"
6,01865693151393;"F2";"R6";"B1";"P5"
3,85508744632918;"F2";"R6";"B1";"P5"
3,22568541427544;"F2";"R3";"B5";"P5"
7,82818777366844;"F2";"R3";"B5";"P5"
5,11389151043668;"F2";"R3";"B5";"P5"
4,28780134336613;"F2";"R6";"B1";"P5"
5,86130642350049;"F2";"R6";"B1";"P5"
3,73707456531911;"F2";"R6";"B1";"P5"
4,28780134336613;"F2";"R3";"B5";"P5"
5,8613064235005;"F2";"R3";"B5";"P5"
4,99587862942659;"F2";"R3";"B5";"P5"
4,09111320834934;"F2";"R6";"B1";"P5"
2,87164677124521;"F2";"R6";"B1";"P5"
3,50104880329895;"F2";"R6";"B1";"P5"
4,72051524040308;"F2";"R3";"B5";"P5"
4,16978846235605;"F2";"R3";"B5";"P5"
6,09733218552064;"F2";"R3";"B5";"P5"
3,50104880329895;"F2";"R6";"B1";"P5"
6,09733218552065;"F2";"R6";"B1";"P5"
4,48448947838293;"F2";"R6";"B1";"P5"
5,70395591548706;"F2";"R4";"B5";"P5"
4,09111320834934;"F2";"R4";"B5";"P5"
5,31057964545347;"F2";"R4";"B5";"P5"
7,71017489265837;"F2";"R4";"B5";"P5"
4,99587862942659;"F2";"R4";"B5";"P5"
6,68739659057103;"F2";"R4";"B5";"P5"
3,9337627003359;"F2";"R4";"B5";"P5"
4,36647659737285;"F2";"R4";"B5";"P5"
4,64183998639636;"F2";"R4";"B5";"P5"
4,24846371636277;"F2";"R4";"B5";"P5"
6,17600743952736;"F2";"R4";"B5";"P5"
2,43893287420826;"F2";"R4";"B5";"P5"
5,9986830278377;"F16";"R1";"B2";"P1"
6,42716038696895;"F16";"R1";"B2";"P1"
7,20621013084398;"F16";"R1";"B2";"P1"
8,02421236191276;"F16";"R1";"B2";"P1"
5,72601561748143;"F16";"R1";"B2";"P1"
8,02421236191277;"F16";"R1";"B2";"P1"
8,37478474665653;"F16";"R1";"B2";"P1"
6,3103029253877;"F16";"R1";"B2";"P1"
7,43992505400649;"F16";"R1";"B2";"P1"
6,85563774610022;"F16";"R1";"B2";"P1"
5,64811064309393;"F16";"R1";"B2";"P1"
7,63468748997524;"F16";"R1";"B2";"P1"
6,62192282293771;"F16";"R5";"B2";"P5"
8,53059469543153;"F16";"R5";"B2";"P5"
6,03763551503143;"F16";"R5";"B2";"P5"
4,36267856570014;"F16";"R5";"B2";"P5"
5,76496810467518;"F16";"R5";"B2";"P5"
5,76496810467519;"F16";"R5";"B2";"P5"
7,5957350027815;"F16";"R5";"B2";"P5"
4,7132509504439;"F16";"R5";"B2";"P5"
6,54401784855022;"F16";"R5";"B2";"P5"
5,41439571993143;"F16";"R5";"B2";"P5"
6,0765880022252;"F16";"R5";"B2";"P5"
7,63468748997525;"F16";"R5";"B2";"P5"
5,18068079676892;"F16";"R2";"B5";"P1"
5,80392059186894;"F16";"R2";"B5";"P1"
4,8690608992189;"F16";"R2";"B5";"P1"
6,1544929766127;"F16";"R2";"B5";"P1"
7,40097256681274;"F16";"R2";"B5";"P1"
5,84287307906268;"F16";"R2";"B5";"P1"
7,985259874719;"F16";"R2";"B5";"P1"
4,90801338641266;"F16";"R2";"B5";"P1"
9,34859692650031;"F16";"R2";"B5";"P1"
6,27135043819395;"F16";"R2";"B5";"P1"
6,1544929766127;"F16";"R2";"B5";"P1"
6,93354272048772;"F16";"R2";"B5";"P1"
6,50506536135646;"F16";"R3";"B3";"P5"
5,41439571993143;"F16";"R3";"B3";"P5"
5,37544323273768;"F16";"R3";"B3";"P5"
6,27135043819395;"F16";"R3";"B3";"P5"
6,46611287416271;"F16";"R3";"B3";"P5"
3,62258130901887;"F16";"R3";"B3";"P5"
5,57020566870643;"F16";"R3";"B3";"P5"
6,03763551503145;"F16";"R3";"B3";"P5"
2,25924425723757;"F16";"R3";"B3";"P5"
7,16725764365023;"F16";"R3";"B3";"P5"
7,673639977169;"F16";"R3";"B3";"P5"
7,4399250540065;"F16";"R3";"B3";"P5"
5,02487084799391;"F16";"R4";"B3";"P5"
6,93354272048773;"F16";"R4";"B3";"P5"
5,06382333518767;"F16";"R4";"B3";"P5"
5,06382333518767;"F16";"R6";"B4";"P5"
6,31030292538771;"F16";"R6";"B4";"P5"
5,21963328396267;"F16";"R6";"B4";"P5"
6,38820789977521;"F16";"R4";"B3";"P5"
6,85563774610023;"F16";"R4";"B3";"P5"
9,11488200333779;"F16";"R4";"B3";"P5"
7,86840241313776;"F16";"R6";"B4";"P5"
7,01144769487524;"F16";"R6";"B4";"P5"
7,47887754120024;"F16";"R6";"B4";"P5"
6,46611287416271;"F16";"R4";"B3";"P5"
6,2323979510002;"F16";"R4";"B3";"P5"
5,92077805345019;"F16";"R4";"B3";"P5"
4,28477359131264;"F16";"R6";"B4";"P5"
5,10277582238142;"F16";"R6";"B4";"P5"
5,33649074554393;"F16";"R6";"B4";"P5"
4,90801338641266;"F16";"R4";"B3";"P5"
6,34925541258146;"F16";"R4";"B3";"P5"
7,51783002839399;"F16";"R4";"B3";"P5"
7,47887754120025;"F16";"R6";"B4";"P5"
6,58297033574397;"F16";"R6";"B4";"P5"
8,02421236191277;"F16";"R6";"B4";"P5"
7,41215637323431;"F24";"R1";"B4";"P2"
6,69600599900876;"F24";"R1";"B4";"P2"
6,83923607385387;"F24";"R1";"B4";"P2"
6,83923607385387;"F24";"R1";"B4";"P2"
5,37112780669152;"F24";"R1";"B4";"P2"
6,9466586299877;"F24";"R1";"B4";"P2"
5,76501051251557;"F24";"R1";"B4";"P2"
6,66019848029748;"F24";"R1";"B4";"P2"
4,97724510086748;"F24";"R1";"B4";"P2"
6,62439096158621;"F24";"R1";"B4";"P2"
7,80603907905834;"F24";"R1";"B4";"P2"
5,51435788153663;"F24";"R1";"B4";"P2"
5,69339547509301;"F24";"R2";"B5";"P2"
5,62178043767046;"F24";"R2";"B5";"P2"
5,69339547509301;"F24";"R2";"B5";"P2"
5,69339547509301;"F24";"R2";"B5";"P2"
7,55538644807941;"F24";"R2";"B5";"P2"
5,4069353254028;"F24";"R2";"B5";"P2"
4,3327097640645;"F24";"R2";"B5";"P2"
5,80081803122684;"F24";"R2";"B5";"P2"
5,69339547509301;"F24";"R2";"B5";"P2"
5,62178043767046;"F24";"R2";"B5";"P2"
5,12047517571258;"F24";"R2";"B5";"P2"
5,58597291895918;"F24";"R2";"B5";"P2"
3,29429172143747;"F24";"R3";"B4";"P4"
3,75978946468407;"F24";"R3";"B4";"P4"
4,26109472664194;"F24";"R3";"B4";"P4"
7,37634885452303;"F24";"R5";"B5";"P4"
4,4759398389096;"F24";"R5";"B5";"P4"
4,11786465179683;"F24";"R5";"B5";"P4"
4,22528720793066;"F24";"R3";"B4";"P4"
4,51174735762088;"F24";"R3";"B4";"P4"
4,11786465179683;"F24";"R3";"B4";"P4"
6,8034285551426;"F24";"R5";"B5";"P4"
5,29951276926897;"F24";"R5";"B5";"P4"
6,80342855514259;"F24";"R5";"B5";"P4"
3,15106164659236;"F24";"R3";"B4";"P4"
3,47332931499385;"F24";"R3";"B4";"P4"
5,51435788153663;"F24";"R3";"B4";"P4"
4,90563006344493;"F24";"R5";"B5";"P4"
5,76501051251557;"F24";"R5";"B5";"P4"
5,58597291895918;"F24";"R5";"B5";"P4"
5,22789773184641;"F24";"R3";"B4";"P4"
4,69078495117726;"F24";"R3";"B4";"P4"
5,22789773184641;"F24";"R3";"B4";"P4"
5,29951276926897;"F24";"R5";"B5";"P4"
5,26370525055769;"F24";"R5";"B5";"P4"
4,9414375821562;"F24";"R5";"B5";"P4"
4,90563006344492;"F24";"R4";"B5";"P4"
5,44274284411408;"F24";"R4";"B5";"P4"
6,26631577447344;"F24";"R4";"B5";"P4"
4,54755487633216;"F24";"R6";"B5";"P4"
4,15367217050811;"F24";"R6";"B5";"P4"
5,33532028798024;"F24";"R6";"B5";"P4"
4,69078495117726;"F24";"R4";"B5";"P4"
4,76239998859982;"F24";"R4";"B5";"P4"
5,5501654002479;"F24";"R4";"B5";"P4"
5,97985562478323;"F24";"R6";"B5";"P4"
5,37112780669152;"F24";"R6";"B5";"P4"
6,08727818091706;"F24";"R6";"B5";"P4"
3,65236690855023;"F24";"R4";"B5";"P4"
4,79820750731109;"F24";"R4";"B5";"P4"
4,36851728277577;"F24";"R4";"B5";"P4"
5,65758795638173;"F24";"R6";"B5";"P4"
6,44535336802982;"F24";"R6";"B5";"P4"
4,97724510086748;"F24";"R6";"B5";"P4"
4,33270976406449;"F24";"R4";"B5";"P4"
4,08205713308556;"F24";"R4";"B5";"P4"
4,44013232019832;"F24";"R4";"B5";"P4"
5,65758795638174;"F24";"R6";"B5";"P4"
4,36851728277577;"F24";"R6";"B5";"P4"
6,40954584931855;"F24";"R6";"B5";"P4"
5,77101810513443;"F5";"R1";"B5";"P2"
6,97331354370409;"F5";"R1";"B5";"P2"
6,73285445599017;"F5";"R1";"B5";"P2"
8,13553246765478;"F5";"R1";"B5";"P2"
6,89316051446612;"F5";"R1";"B5";"P2"
7,45423171913196;"F5";"R1";"B5";"P2"
6,65270142675219;"F5";"R1";"B5";"P2"
6,81300748522814;"F5";"R1";"B5";"P2"
8,37599155536871;"F5";"R1";"B5";"P2"
8,73668018693962;"F5";"R1";"B5";"P2"
7,09354308756106;"F5";"R1";"B5";"P2"
6,53247188289521;"F5";"R1";"B5";"P2"
4,08780449113688;"F5";"R2";"B4";"P4"
6,29201279518128;"F5";"R2";"B4";"P4"
7,61453777760792;"F5";"R2";"B4";"P4"
6,05155370746735;"F5";"R2";"B4";"P4"
6,09163022208634;"F5";"R2";"B4";"P4"
5,08971735661162;"F5";"R2";"B4";"P4"
6,09163022208634;"F5";"R2";"B4";"P4"
7,45423171913196;"F5";"R2";"B4";"P4"
6,89316051446612;"F5";"R2";"B4";"P4"
6,13170673670532;"F5";"R2";"B4";"P4"
6,33208930980026;"F5";"R2";"B4";"P4"
6,65270142675218;"F5";"R2";"B4";"P4"
5,85117113437241;"F5";"R3";"B5";"P2"
6,01147719284836;"F5";"R3";"B5";"P2"
6,25193628056229;"F5";"R3";"B5";"P2"
6,25193628056229;"F5";"R5";"B5";"P2"
4,56872266656475;"F5";"R5";"B5";"P2"
5,29009992970655;"F5";"R5";"B5";"P2"
6,69277794137116;"F5";"R3";"B5";"P2"
5,12979387123059;"F5";"R3";"B5";"P2"
4,7691052396597;"F5";"R3";"B5";"P2"
4,60879918118374;"F5";"R5";"B5";"P2"
5,97140067822937;"F5";"R5";"B5";"P2"
6,93323702908511;"F5";"R5";"B5";"P2"
6,77293097060915;"F5";"R3";"B5";"P2"
5,00956432737363;"F5";"R3";"B5";"P2"
5,77101810513442;"F5";"R3";"B5";"P2"
6,57254839751421;"F5";"R5";"B5";"P2"
4,68895221042172;"F5";"R5";"B5";"P2"
8,0553794384168;"F5";"R5";"B5";"P2"
6,81300748522814;"F5";"R3";"B5";"P2"
5,69086507589645;"F5";"R3";"B5";"P2"
4,36834009346981;"F5";"R3";"B5";"P2"
6,05155370746735;"F5";"R5";"B5";"P2"
7,334002175275;"F5";"R5";"B5";"P2"
4,44849312270778;"F5";"R5";"B5";"P2"
4,24811054961284;"F5";"R4";"B4";"P2"
7,33400217527499;"F5";"R4";"B4";"P2"
7,45423171913196;"F5";"R4";"B4";"P2"
5,77101810513442;"F5";"R6";"B4";"P2"
8,97713927465355;"F5";"R6";"B4";"P2"
6,45231885365724;"F5";"R6";"B4";"P2"
6,45231885365724;"F5";"R4";"B4";"P2"
6,9733135437041;"F5";"R4";"B4";"P2"
5,93132416361037;"F5";"R4";"B4";"P2"
6,05155370746735;"F5";"R6";"B4";"P2"
7,57446126298894;"F5";"R6";"B4";"P2"
7,81492035070287;"F5";"R6";"B4";"P2"
5,69086507589644;"F5";"R4";"B4";"P2"
7,49430823375095;"F5";"R4";"B4";"P2"
6,29201279518128;"F5";"R4";"B4";"P2"
7,13361960218005;"F5";"R6";"B4";"P2"
6,65270142675218;"F5";"R6";"B4";"P2"
2,52482042099631;"F5";"R6";"B4";"P2"
5,29009992970655;"F5";"R4";"B4";"P2"
5,33017644432555;"F5";"R4";"B4";"P2"
7,6546142922269;"F5";"R4";"B4";"P2"
7,09354308756105;"F5";"R6";"B4";"P2"
6,81300748522813;"F5";"R6";"B4";"P2"
5,37025295894454;"F5";"R6";"B4";"P2"
7,07474459706391;"F10";"R5";"B1";"P2"
6,07464981109152;"F10";"R5";"B1";"P2"
6,29689309686317;"F10";"R5";"B1";"P2"
5,77832543006267;"F10";"R5";"B1";"P2"
7,07474459706391;"F10";"R5";"B1";"P2"
7,25994733520694;"F10";"R5";"B1";"P2"
8,37116376406515;"F10";"R5";"B1";"P2"
5,92648762057709;"F10";"R5";"B1";"P2"
7,5562717162358;"F10";"R5";"B1";"P2"
5,81536597769128;"F10";"R5";"B1";"P2"
7,70443390675021;"F10";"R5";"B1";"P2"
7,5562717162358;"F10";"R5";"B1";"P2"
7,63035281149301;"F10";"R1";"B5";"P3"
7,00066350180669;"F10";"R1";"B5";"P3"
6,74137966840644;"F10";"R1";"B5";"P3"
6,59321747789202;"F10";"R1";"B5";"P3"
7,81555554963604;"F10";"R1";"B5";"P3"
7,74147445437882;"F10";"R1";"B5";"P3"
8,29708266880794;"F10";"R1";"B5";"P3"
6,14873090634873;"F10";"R1";"B5";"P3"
8,33412321643654;"F10";"R1";"B5";"P3"
8,40820431169375;"F10";"R1";"B5";"P3"
5,85240652531988;"F10";"R1";"B5";"P3"
6,11169035872013;"F10";"R2";"B3";"P4"
6,44505528737759;"F10";"R2";"B3";"P4"
4,18558188203257;"F10";"R2";"B3";"P4"
6,88954185892087;"F10";"R2";"B3";"P4"
5,77832543006267;"F10";"R2";"B3";"P4"
4,81527119171889;"F10";"R2";"B3";"P4"
7,29698788283555;"F10";"R2";"B3";"P4"
7,40810952572137;"F10";"R2";"B3";"P4"
7,11178514469251;"F10";"R2";"B3";"P4"
6,14873090634874;"F10";"R2";"B3";"P4"
7,88963664489326;"F10";"R2";"B3";"P4"
6,88954185892087;"F10";"R2";"B3";"P4"
6,59321747789202;"F10";"R3";"B4";"P2"
5,85240652531988;"F10";"R3";"B4";"P2"
6,22281200160595;"F10";"R3";"B4";"P2"
5,92648762057709;"F10";"R6";"B2";"P2"
5,14863612037635;"F10";"R6";"B2";"P2"
5,92648762057709;"F10";"R6";"B2";"P2"
5,70424433480546;"F10";"R3";"B4";"P2"
5,03751447749053;"F10";"R3";"B4";"P2"
4,81527119171889;"F10";"R3";"B4";"P2"
8,85269088323702;"F10";"R6";"B2";"P2"
8,70452869272261;"F10";"R6";"B2";"P2"
7,0006635018067;"F10";"R6";"B2";"P2"
6,29689309686316;"F10";"R3";"B4";"P2"
6,55617693026341;"F10";"R3";"B4";"P2"
6,18577145397734;"F10";"R3";"B4";"P2"
7,14882569232113;"F10";"R6";"B2";"P2"
5,85240652531988;"F10";"R6";"B2";"P2"
7,66739335912161;"F10";"R6";"B2";"P2"
7,03770404943529;"F10";"R3";"B4";"P2"
5,00047392986192;"F10";"R3";"B4";"P2"
4,66710900120446;"F10";"R3";"B4";"P2"
6,07464981109152;"F10";"R6";"B2";"P2"
7,22290678757833;"F10";"R6";"B2";"P2"
6,55617693026341;"F10";"R6";"B2";"P2"
6,55617693026341;"F10";"R4";"B3";"P2"
5,70424433480545;"F10";"R4";"B3";"P2"
6,14873090634874;"F10";"R4";"B3";"P2"
5,74128488243406;"F10";"R4";"B3";"P2"
5,4079199537766;"F10";"R4";"B3";"P2"
9,00085307375146;"F10";"R4";"B3";"P2"
5,85240652531989;"F10";"R4";"B3";"P2"
7,40810952572137;"F10";"R4";"B3";"P2"
7,40810952572137;"F10";"R4";"B3";"P2"
6,51913638263481;"F10";"R4";"B3";"P2"
8,51932595457957;"F10";"R4";"B3";"P2"
5,77832543006266;"F10";"R4";"B3";"P2"
6,58313427923306;"F21";"R5";"B1";"P1"
6,8405752845662;"F21";"R5";"B1";"P1"
7,39223458170863;"F21";"R5";"B1";"P1"
7,17157086285166;"F21";"R5";"B1";"P1"
4,78104724190111;"F21";"R5";"B1";"P1"
6,43602513332841;"F21";"R5";"B1";"P1"
7,79678473294642;"F21";"R5";"B1";"P1"
6,28891598742377;"F21";"R5";"B1";"P1"
6,32569327389993;"F21";"R5";"B1";"P1"
7,87033930589875;"F21";"R5";"B1";"P1"
5,62692483085284;"F21";"R5";"B1";"P1"
6,50957970628074;"F21";"R5";"B1";"P1"
5,29592925256738;"F21";"R1";"B1";"P3"
7,17157086285166;"F21";"R1";"B1";"P3"
5,66370211732901;"F21";"R1";"B1";"P3"
7,87033930589875;"F21";"R1";"B1";"P3"
7,13479357637551;"F21";"R1";"B1";"P3"
6,43602513332842;"F21";"R1";"B1";"P3"
7,09801628989934;"F21";"R1";"B1";"P3"
7,64967558704178;"F21";"R1";"B1";"P3"
4,19261065828251;"F21";"R1";"B1";"P3"
7,87033930589875;"F21";"R1";"B1";"P3"
6,95090714399469;"F21";"R1";"B1";"P3"
7,28190272228015;"F21";"R1";"B1";"P3"
5,84758854970981;"F21";"R2";"B4";"P5"
4,22938794475868;"F21";"R2";"B4";"P5"
4,48682895009181;"F21";"R2";"B4";"P5"
6,43602513332841;"F21";"R2";"B4";"P5"
5,25915196609122;"F21";"R2";"B4";"P5"
5,14882010666273;"F21";"R2";"B4";"P5"
4,70749266894878;"F21";"R2";"B4";"P5"
4,70749266894878;"F21";"R2";"B4";"P5"
6,14180684151912;"F21";"R2";"B4";"P5"
6,73024342513772;"F21";"R2";"B4";"P5"
5,29592925256738;"F21";"R2";"B4";"P5"
5,99469769561447;"F21";"R2";"B4";"P5"
6,73024342513771;"F21";"R3";"B3";"P1"
6,50957970628074;"F21";"R3";"B3";"P1"
6,10502955504296;"F21";"R3";"B3";"P1"
5,29592925256738;"F21";"R3";"B3";"P1"
5,70047940380517;"F21";"R3";"B3";"P1"
4,78104724190111;"F21";"R3";"B3";"P1"
4,33971980418716;"F21";"R3";"B3";"P1"
4,78104724190111;"F21";"R3";"B3";"P1"
6,98768443047084;"F21";"R3";"B3";"P1"
5,03848824723424;"F21";"R3";"B3";"P1"
5,44303839847203;"F21";"R3";"B3";"P1"
5,33270653904354;"F21";"R3";"B3";"P1"
2,31696904799823;"F21";"R4";"B1";"P1"
6,10502955504296;"F21";"R4";"B1";"P1"
3,82483779352088;"F21";"R4";"B1";"P1"
5,84758854970982;"F21";"R6";"B5";"P1"
6,14180684151911;"F21";"R6";"B5";"P1"
5,11204282018657;"F21";"R6";"B5";"P1"
5,81081126323365;"F21";"R4";"B1";"P1"
6,73024342513771;"F21";"R4";"B1";"P1"
7,72323015999409;"F21";"R4";"B1";"P1"
6,47280241980458;"F21";"R6";"B5";"P1"
5,36948382551971;"F21";"R6";"B5";"P1"
6,5463569927569;"F21";"R6";"B5";"P1"
7,24512543580398;"F21";"R4";"B1";"P1"
6,39924784685225;"F21";"R4";"B1";"P1"
4,81782452837727;"F21";"R4";"B1";"P1"
8,53233046246967;"F21";"R6";"B5";"P1"
4,85460181485343;"F21";"R6";"B5";"P1"
7,06123900342318;"F21";"R6";"B5";"P1"
6,76702071161388;"F21";"R4";"B1";"P1"
4,92815638780576;"F21";"R4";"B1";"P1"
5,51659297142435;"F21";"R4";"B1";"P1"
7,46578915466096;"F21";"R6";"B5";"P1"
5,9579204091383;"F21";"R6";"B5";"P1"
6,87735257104237;"F21";"R6";"B5";"P1"
5,92840860274411;"F23";"R1";"B2";"P5"
7,88129614247159;"F23";"R1";"B2";"P5"
5,44018671781224;"F23";"R1";"B2";"P5"
6,2073925369909;"F23";"R1";"B2";"P5"
5,44018671781225;"F23";"R1";"B2";"P5"
7,60231220822481;"F23";"R1";"B2";"P5"
8,23002606028007;"F23";"R1";"B2";"P5"
5,12632979178461;"F23";"R1";"B2";"P5"
6,0679005698675;"F23";"R1";"B2";"P5"
6,62586843836107;"F23";"R1";"B2";"P5"
5,61455167671649;"F23";"R1";"B2";"P5"
7,98591511781413;"F23";"R1";"B2";"P5"
5,19607577534632;"F23";"R2";"B3";"P1"
6,97459835616955;"F23";"R2";"B3";"P1"
6,2771385205526;"F23";"R2";"B3";"P1"
4,95196483288038;"F23";"R2";"B3";"P1"
4,77759987397614;"F23";"R2";"B3";"P1"
5,40531372603141;"F23";"R2";"B3";"P1"
5,23094876712716;"F23";"R2";"B3";"P1"
4,39399696438681;"F23";"R2";"B3";"P1"
5,57967868493564;"F23";"R2";"B3";"P1"
5,4750597095931;"F23";"R2";"B3";"P1"
6,2073925369909;"F23";"R2";"B3";"P1"
6,55612245479937;"F23";"R5";"B4";"P5"
5,99815458630581;"F23";"R5";"B4";"P5"
6,34688450411429;"F23";"R5";"B4";"P5"
7,0094713479504;"F23";"R5";"B4";"P5"
6,17251954521005;"F23";"R5";"B4";"P5"
5,50993270137395;"F23";"R5";"B4";"P5"
5,4053137260314;"F23";"R5";"B4";"P5"
7,60231220822482;"F23";"R5";"B4";"P5"
4,77759987397614;"F23";"R5";"B4";"P5"
5,05658380822292;"F23";"R5";"B4";"P5"
6,45150347945683;"F23";"R5";"B4";"P5"
5,12632979178462;"F23";"R3";"B2";"P5"
4,98683782466123;"F23";"R3";"B2";"P5"
5,02171081644208;"F23";"R3";"B2";"P5"
6,1376465534292;"F23";"R3";"B2";"P5"
6,45150347945683;"F23";"R3";"B2";"P5"
4,46374294794851;"F23";"R3";"B2";"P5"
4,63810790685275;"F23";"R3";"B2";"P5"
4,14988602192088;"F23";"R3";"B2";"P5"
5,5448056931548;"F23";"R3";"B2";"P5"
7,11409032329294;"F23";"R3";"B2";"P5"
5,68429766027819;"F23";"R3";"B2";"P5"
5,30069475068886;"F23";"R3";"B2";"P5"
6,62586843836107;"F23";"R4";"B4";"P5"
4,77759987397614;"F23";"R4";"B4";"P5"
3,62679114520817;"F23";"R4";"B4";"P5"
5,16120278356547;"F23";"R6";"B5";"P5"
6,73048741370361;"F23";"R6";"B5";"P5"
5,96328159452497;"F23";"R6";"B5";"P5"
3,73141012055071;"F23";"R4";"B4";"P5"
4,98683782466123;"F23";"R4";"B4";"P5"
5,26582175890801;"F23";"R4";"B4";"P5"
4,04526704657834;"F23";"R6";"B5";"P5"
6,90485237260785;"F23";"R6";"B5";"P5"
5,61455167671649;"F23";"R6";"B5";"P5"
3,59191815342732;"F23";"R4";"B4";"P5"
4,91709184109953;"F23";"R4";"B4";"P5"
4,88221884931868;"F23";"R4";"B4";"P5"
4,56836192329106;"F23";"R6";"B5";"P5"
9,24134282192466;"F23";"R6";"B5";"P5"
3,24318823561884;"F23";"R6";"B5";"P5"
5,44018671781225;"F23";"R4";"B4";"P5"
5,50993270137395;"F23";"R4";"B4";"P5"
6,17251954521005;"F23";"R4";"B4";"P5"
5,78891663562072;"F23";"R6";"B5";"P5"
6,38175749589514;"F23";"R6";"B5";"P5"
4,84734585753784;"F23";"R6";"B5";"P5"
6,68020867699756;"F3";"R1";"B5";"P4"
6,54525496635116;"F3";"R1";"B5";"P4"
5,60057899182624;"F3";"R1";"B5";"P4"
7,38871565789124;"F3";"R1";"B5";"P4"
5,66805584714944;"F3";"R1";"B5";"P4"
6,68020867699757;"F3";"R1";"B5";"P4"
5,73553270247265;"F3";"R1";"B5";"P4"
4,3522571683469;"F3";"R1";"B5";"P4"
3,81244232576123;"F3";"R1";"B5";"P4"
6,07291697908869;"F3";"R1";"B5";"P4"
5,16197943222539;"F3";"R1";"B5";"P4"
5,09450257690218;"F3";"R1";"B5";"P4"
3,61001175979161;"F3";"R5";"B3";"P2"
4,45347245133171;"F3";"R5";"B3";"P2"
4,99328729391737;"F3";"R5";"B3";"P2"
4,14982660237728;"F3";"R5";"B3";"P2"
5,70179427481105;"F3";"R5";"B3";"P2"
5,36440999819501;"F3";"R5";"B3";"P2"
3,91365760874604;"F3";"R5";"B3";"P2"
3,5087964768068;"F3";"R5";"B3";"P2"
6,61273182167436;"F3";"R5";"B3";"P2"
7,0513313812752;"F3";"R5";"B3";"P2"
4,4534724513317;"F3";"R5";"B3";"P2"
4,14982660237727;"F3";"R2";"B5";"P4"
5,56684056416463;"F3";"R2";"B5";"P4"
3,64375018745321;"F3";"R2";"B5";"P4"
3,84618075342284;"F3";"R2";"B5";"P4"
5,90422484078068;"F3";"R2";"B5";"P4"
6,61273182167436;"F3";"R2";"B5";"P4"
3,91365760874604;"F3";"R2";"B5";"P4"
6,10665540675029;"F3";"R2";"B5";"P4"
5,06076414924058;"F3";"R2";"B5";"P4"
4,72337987262454;"F3";"R2";"B5";"P4"
4,25104188536208;"F3";"R2";"B5";"P4"
3,5425349044684;"F3";"R3";"B2";"P2"
3,64375018745322;"F3";"R3";"B2";"P2"
4,31851874068529;"F3";"R3";"B2";"P2"
4,01487289173086;"F3";"R6";"B1";"P2"
4,14982660237727;"F3";"R6";"B1";"P2"
4,92581043859416;"F3";"R3";"B2";"P2"
3,74496547043803;"F3";"R3";"B2";"P2"
3,91365760874605;"F3";"R3";"B2";"P2"
5,60057899182624;"F3";"R6";"B1";"P2"
5,60057899182624;"F3";"R6";"B1";"P2"
6,00544012376548;"F3";"R6";"B1";"P2"
3,20515062785237;"F3";"R3";"B2";"P2"
3,50879647680679;"F3";"R3";"B2";"P2"
5,29693314287181;"F3";"R3";"B2";"P2"
4,72337987262454;"F3";"R6";"B1";"P2"
4,79085672794774;"F3";"R6";"B1";"P2"
5,16197943222539;"F3";"R6";"B1";"P2"
4,21730345770048;"F3";"R3";"B2";"P2"
4,79085672794774;"F3";"R3";"B2";"P2"
4,21730345770048;"F3";"R3";"B2";"P2"
4,95954886625576;"F3";"R6";"B1";"P2"
6,30908597271992;"F3";"R6";"B1";"P2"
4,52094930665491;"F3";"R6";"B1";"P2"
4,75711830028614;"F3";"R4";"B1";"P2"
4,52094930665492;"F3";"R4";"B1";"P2"
3,84618075342284;"F3";"R4";"B1";"P2"
5,33067157053341;"F3";"R4";"B1";"P2"
4,89207201093255;"F3";"R4";"B1";"P2"
5,39814842585662;"F3";"R4";"B1";"P2"
4,08234974705407;"F3";"R4";"B1";"P2"
5,12824100456378;"F3";"R4";"B1";"P2"
4,04861131939246;"F3";"R4";"B1";"P2"
4,10329494886261;"F7";"R1";"B3";"P5"
4,72922129699419;"F7";"R1";"B3";"P5"
6,36358453933778;"F7";"R1";"B3";"P5"
4,20761600688454;"F7";"R1";"B3";"P5"
6,4679055973597;"F7";"R1";"B3";"P5"
6,15494242329391;"F7";"R1";"B3";"P5"
5,56378976116964;"F7";"R1";"B3";"P5"
5,49424238915502;"F7";"R1";"B3";"P5"
6,74609508541819;"F7";"R1";"B3";"P5"
4,76399498300151;"F7";"R1";"B3";"P5"
4,59012655296495;"F7";"R1";"B3";"P5"
5,32037395911847;"F7";"R1";"B3";"P5"
4,48580549494302;"F7";"R2";"B2";"P3"
4,59012655296495;"F7";"R2";"B2";"P3"
4,10329494886261;"F7";"R2";"B2";"P3"
5,63333713318426;"F7";"R5";"B4";"P3"
5,00741078505268;"F7";"R5";"B4";"P3"
5,35514764512578;"F7";"R5";"B4";"P3"
5,91152662124274;"F7";"R2";"B2";"P3"
3,96420020483337;"F7";"R2";"B2";"P3"
5,7724318772135;"F7";"R2";"B2";"P3"
6,36358453933778;"F7";"R5";"B4";"P3"
5,63333713318426;"F7";"R5";"B4";"P3"
5,98107399325736;"F7";"R5";"B4";"P3"
4,93786341303806;"F7";"R2";"B2";"P3"
4,90308972703075;"F7";"R2";"B2";"P3"
5,38992133113309;"F7";"R2";"B2";"P3"
4,38148443692109;"F7";"R5";"B4";"P3"
4,52057918095034;"F7";"R5";"B4";"P3"
8,06749515369598;"F7";"R5";"B4";"P3"
3,58168965875296;"F7";"R2";"B2";"P3"
4,86831604102343;"F7";"R2";"B2";"P3"
5,38992133113309;"F7";"R2";"B2";"P3"
4,34671075091378;"F7";"R5";"B4";"P3"
5,84197924922812;"F7";"R5";"B4";"P3"
6,64177402739626;"F7";"R5";"B4";"P3"
7,65021092160825;"F7";"R3";"B4";"P3"
6,08539505127929;"F7";"R3";"B4";"P3"
4,79876866900881;"F7";"R3";"B4";"P3"
4,97263709904536;"F7";"R3";"B4";"P3"
5,32037395911847;"F7";"R3";"B4";"P3"
5,49424238915502;"F7";"R3";"B4";"P3"
3,99897389084068;"F7";"R3";"B4";"P3"
5,18127921508923;"F7";"R3";"B4";"P3"
5,7724318772135;"F7";"R3";"B4";"P3"
4,24238969289185;"F7";"R3";"B4";"P3"
4,62490023897226;"F7";"R3";"B4";"P3"
6,25926348131584;"F7";"R3";"B4";"P3"
5,94630030725005;"F7";"R4";"B1";"P3"
3,68601071677488;"F7";"R4";"B1";"P3"
5,7724318772135;"F7";"R4";"B1";"P3"
5,18127921508923;"F7";"R6";"B4";"P3"
5,25082658710385;"F7";"R6";"B4";"P3"
4,65967392497957;"F7";"R6";"B4";"P3"
5,14650552908191;"F7";"R4";"B1";"P3"
3,79033177479682;"F7";"R4";"B1";"P3"
7,09383194549129;"F7";"R4";"B1";"P3"
5,28560027311116;"F7";"R6";"B4";"P3"
5,59856344717695;"F7";"R6";"B4";"P3"
5,14650552908192;"F7";"R6";"B4";"P3"
4,83354235501612;"F7";"R4";"B1";"P3"
4,97263709904537;"F7";"R4";"B1";"P3"
2,88621593860675;"F7";"R4";"B1";"P3"
5,56378976116964;"F7";"R6";"B4";"P3"
5,38992133113309;"F7";"R6";"B4";"P3"
5,49424238915502;"F7";"R6";"B4";"P3"
4,20761600688454;"F7";"R4";"B1";"P3"
5,7724318772135;"F7";"R4";"B1";"P3"
4,93786341303806;"F7";"R4";"B1";"P3"
4,83354235501613;"F7";"R6";"B4";"P3"
6,32881085333046;"F7";"R6";"B4";"P3"
6,36358453933778;"F7";"R6";"B4";"P3"
5,55334838234215;"F9";"R1";"B1";"P4"
6,4022678802798;"F9";"R1";"B1";"P4"
5,27037521636293;"F9";"R1";"B1";"P4"
5,90706483981618;"F9";"R1";"B1";"P4"
6,47301117177461;"F9";"R1";"B1";"P4"
6,22540965154279;"F9";"R1";"B1";"P4"
7,10970079522785;"F9";"R1";"B1";"P4"
7,00358585798565;"F9";"R1";"B1";"P4"
7,8525053559233;"F9";"R1";"B1";"P4"
6,15466636004799;"F9";"R1";"B1";"P4"
5,41186179935255;"F9";"R1";"B1";"P4"
4,81054382164671;"F9";"R1";"B1";"P4"
6,01317977705838;"F9";"R5";"B3";"P1"
6,33152458878501;"F9";"R5";"B3";"P1"
4,56294230141489;"F9";"R5";"B3";"P1"
7,74639041868109;"F9";"R5";"B3";"P1"
6,43763952602721;"F9";"R5";"B3";"P1"
7,53416054419669;"F9";"R5";"B3";"P1"
5,80094990257397;"F9";"R5";"B3";"P1"
7,03895750373304;"F9";"R5";"B3";"P1"
6,2254096515428;"F9";"R5";"B3";"P1"
7,42804560695447;"F9";"R5";"B3";"P1"
7,74639041868109;"F9";"R5";"B3";"P1"
4,63368559290969;"F9";"R2";"B3";"P5"
5,55334838234216;"F9";"R2";"B3";"P5"
5,73020661107917;"F9";"R2";"B3";"P5"
5,41186179935254;"F9";"R2";"B3";"P5"
5,16426027912073;"F9";"R2";"B3";"P5"
5,76557825682656;"F9";"R2";"B3";"P5"
5,65946331958435;"F9";"R2";"B3";"P5"
6,331524588785;"F9";"R2";"B3";"P5"
6,04855142280579;"F9";"R2";"B3";"P5"
5,19963192486813;"F9";"R2";"B3";"P5"
5,65946331958436;"F9";"R2";"B3";"P5"
6,68524104625902;"F9";"R2";"B3";"P5"
6,15466636004799;"F9";"R3";"B1";"P1"
5,55334838234216;"F9";"R3";"B1";"P1"
6,01317977705839;"F9";"R3";"B1";"P1"
5,16426027912073;"F9";"R3";"B1";"P1"
4,98740205038372;"F9";"R3";"B1";"P1"
5,51797673659475;"F9";"R3";"B1";"P1"
3,96162432370905;"F9";"R3";"B1";"P1"
6,86209927499604;"F9";"R3";"B1";"P1"
4,98740205038371;"F9";"R3";"B1";"P1"
5,09351698762592;"F9";"R3";"B1";"P1"
5,80094990257397;"F9";"R3";"B1";"P1"
6,04855142280579;"F9";"R3";"B1";"P1"
5,76557825682656;"F9";"R4";"B5";"P1"
6,4376395260272;"F9";"R4";"B5";"P1"
5,58872002808956;"F9";"R4";"B5";"P1"
7,07432914948045;"F9";"R6";"B4";"P1"
7,32193066971226;"F9";"R6";"B4";"P1"
5,87169319406878;"F9";"R6";"B4";"P1"
5,37649015360515;"F9";"R4";"B5";"P1"
5,02277369613112;"F9";"R4";"B5";"P1"
6,33152458878501;"F9";"R4";"B5";"P1"
6,15466636004799;"F9";"R6";"B4";"P1"
7,10970079522786;"F9";"R6";"B4";"P1"
6,04855142280578;"F9";"R6";"B4";"P1"
6,86209927499604;"F9";"R4";"B5";"P1"
6,47301117177461;"F9";"R4";"B5";"P1"
7,21581573247006;"F9";"R4";"B5";"P1"
7,07432914948045;"F9";"R6";"B4";"P1"
5,58872002808955;"F9";"R6";"B4";"P1"
6,82672762924863;"F9";"R6";"B4";"P1"
5,62409167383695;"F9";"R4";"B5";"P1"
5,37649015360514;"F9";"R4";"B5";"P1"
5,34111850785774;"F9";"R4";"B5";"P1"
5,65946331958436;"F9";"R6";"B4";"P1"
5,97780813131098;"F9";"R6";"B4";"P1"
5,02277369613112;"F9";"R6";"B4";"P1"
5,01004793298734;"F14";"R1";"B3";"P2"
6,28847395726688;"F14";"R1";"B3";"P2"
6,73765066850022;"F14";"R1";"B3";"P2"
6,04660957429507;"F14";"R1";"B3";"P2"
6,4266821761079;"F14";"R1";"B3";"P2"
6,49578628552841;"F14";"R1";"B3";"P2"
5,77019313661301;"F14";"R1";"B3";"P2"
5,45922464422069;"F14";"R1";"B3";"P2"
6,08116162900533;"F14";"R1";"B3";"P2"
6,01205751958482;"F14";"R1";"B3";"P2"
6,9104109420515;"F14";"R1";"B3";"P2"
4,90639176885658;"F14";"R2";"B3";"P3"
5,63198491777198;"F14";"R2";"B3";"P3"
5,0445999876976;"F14";"R2";"B3";"P3"
4,73363149530528;"F14";"R2";"B3";"P3"
6,01205751958481;"F14";"R2";"B3";"P3"
5,32101642537966;"F14";"R2";"B3";"P3"
6,1848177931361;"F14";"R2";"B3";"P3"
4,35355889349245;"F14";"R2";"B3";"P3"
3,97348629167961;"F14";"R2";"B3";"P3"
5,42467258951043;"F14";"R2";"B3";"P3"
5,49377669893095;"F14";"R2";"B3";"P3"
6,4266821761079;"F14";"R2";"B3";"P3"
4,07714245581039;"F14";"R3";"B3";"P3"
3,10968492392318;"F14";"R3";"B3";"P3"
4,76818355001554;"F14";"R3";"B3";"P3"
5,07915204240785;"F14";"R5";"B5";"P3"
4,94094382356683;"F14";"R5";"B5";"P3"
5,80474519132327;"F14";"R5";"B5";"P3"
4,83728765943606;"F14";"R6";"B1";"P3"
3,6625177992873;"F14";"R6";"B1";"P3"
4,49176711233349;"F14";"R6";"B1";"P3"
4,90639176885657;"F14";"R3";"B3";"P3"
5,39012053480018;"F14";"R3";"B3";"P3"
4,24990272936168;"F14";"R3";"B3";"P3"
4,45721505762322;"F14";"R5";"B5";"P3"
5,59743286306172;"F14";"R5";"B5";"P3"
5,14825615182838;"F14";"R5";"B5";"P3"
3,38610136160524;"F14";"R6";"B1";"P3"
5,0445999876976;"F14";"R6";"B1";"P3"
6,49578628552842;"F14";"R6";"B1";"P3"
4,24990272936168;"F14";"R3";"B3";"P3"
4,59542327646425;"F14";"R3";"B3";"P3"
4,45721505762323;"F14";"R3";"B3";"P3"
6,08116162900533;"F14";"R5";"B5";"P3"
5,01004793298734;"F14";"R5";"B5";"P3"
4,38811094820271;"F14";"R5";"B5";"P3"
3,4206534163155;"F14";"R6";"B1";"P3"
5,01004793298735;"F14";"R6";"B1";"P3"
3,97348629167962;"F14";"R6";"B1";"P3"
5,25191231595914;"F14";"R3";"B3";"P3"
5,87384930074379;"F14";"R3";"B3";"P3"
4,80273560472579;"F14";"R3";"B3";"P3"
5,80474519132327;"F14";"R5";"B5";"P3"
5,18280820653863;"F14";"R5";"B5";"P3"
5,7010890271925;"F14";"R5";"B5";"P3"
4,00803834638988;"F14";"R6";"B1";"P3"
5,21736026124889;"F14";"R6";"B1";"P3"
4,69907944059503;"F14";"R6";"B1";"P3"
5,87384930074379;"F14";"R4";"B2";"P3"
4,87183971414632;"F14";"R4";"B2";"P3"
4,90639176885657;"F14";"R4";"B2";"P3"
5,73564108190276;"F14";"R4";"B2";"P3"
4,560871221754;"F14";"R4";"B2";"P3"
4,66452738588477;"F14";"R4";"B2";"P3"
5,21736026124888;"F14";"R4";"B2";"P3"
4,1462465652309;"F14";"R4";"B2";"P3"
4,76818355001554;"F14";"R4";"B2";"P3"
5,39012053480018;"F14";"R4";"B2";"P3"
5,56288080835147;"F14";"R4";"B2";"P3"
4,18079861994116;"F14";"R4";"B2";"P3"
6,21096006870394;"F4";"R1";"B5";"P1"
6,72854007442927;"F4";"R1";"B5";"P1"
6,02611006665918;"F4";"R1";"B5";"P1"
5,43459006011594;"F4";"R1";"B5";"P1"
6,58066007279346;"F4";"R1";"B5";"P1"
5,4715600605249;"F4";"R1";"B5";"P1"
6,54369007238451;"F4";"R1";"B5";"P1"
6,95036007688297;"F4";"R1";"B5";"P1"
6,28490006952184;"F4";"R1";"B5";"P1"
5,50853006093385;"F4";"R1";"B5";"P1"
6,06308006706813;"F4";"R1";"B5";"P1"
6,43278007115765;"F4";"R1";"B5";"P1"
6,72854007442926;"F4";"R5";"B2";"P2"
6,4697500715666;"F4";"R5";"B2";"P2"
6,50672007197556;"F4";"R5";"B2";"P2"
5,84126006461442;"F4";"R5";"B2";"P2"
5,28671005848014;"F4";"R5";"B2";"P2"
4,17761004621158;"F4";"R5";"B2";"P2"
7,02430007770088;"F4";"R5";"B2";"P2"
5,5455000613428;"F4";"R5";"B2";"P2"
5,91520006543232;"F4";"R5";"B2";"P2"
6,10005006747708;"F4";"R5";"B2";"P2"
4,84307005357271;"F4";"R5";"B2";"P2"
7,20915007974565;"F4";"R5";"B2";"P2"
4,58428005071005;"F4";"R2";"B2";"P4"
4,5473100503011;"F4";"R2";"B2";"P4"
6,32187006993079;"F4";"R2";"B2";"P4"
5,58247006175175;"F4";"R2";"B2";"P4"
5,397620059707;"F4";"R2";"B2";"P4"
5,43459006011594;"F4";"R2";"B2";"P4"
5,13883005684432;"F4";"R2";"B2";"P4"
5,397620059707;"F4";"R2";"B2";"P4"
4,5473100503011;"F4";"R2";"B2";"P4"
3,88185004293996;"F4";"R2";"B2";"P4"
5,5455000613428;"F4";"R2";"B2";"P4"
5,58247006175176;"F4";"R3";"B1";"P2"
5,13883005684433;"F4";"R3";"B1";"P2"
4,6951900519369;"F4";"R3";"B1";"P2"
4,621250051119;"F4";"R3";"B1";"P2"
4,25155004702948;"F4";"R3";"B1";"P2"
3,40124003762358;"F4";"R3";"B1";"P2"
2,40305002658188;"F4";"R3";"B1";"P2"
3,66003004048625;"F4";"R3";"B1";"P2"
4,88004005398167;"F4";"R3";"B1";"P2"
4,76913005275481;"F4";"R3";"B1";"P2"
5,50853006093385;"F4";"R3";"B1";"P2"
4,17761004621158;"F4";"R3";"B1";"P2"
4,17761004621158;"F4";"R4";"B2";"P2"
5,50853006093385;"F4";"R4";"B2";"P2"
4,95398005479957;"F4";"R4";"B2";"P2"
6,50672007197555;"F4";"R6";"B5";"P2"
5,21277005766223;"F4";"R6";"B5";"P2"
5,80429006420546;"F4";"R6";"B5";"P2"
4,84307005357271;"F4";"R4";"B2";"P2"
5,02792005561747;"F4";"R4";"B2";"P2"
4,91701005439062;"F4";"R4";"B2";"P2"
5,39762005970699;"F4";"R6";"B5";"P2"
6,50672007197556;"F4";"R6";"B5";"P2"
6,13702006788603;"F4";"R6";"B5";"P2"
5,87823006502337;"F4";"R4";"B2";"P2"
6,72854007442926;"F4";"R4";"B2";"P2"
5,80429006420547;"F4";"R4";"B2";"P2"
5,24974005807119;"F4";"R6";"B5";"P2"
6,13702006788603;"F4";"R6";"B5";"P2"
6,61763007320241;"F4";"R6";"B5";"P2"
3,6230600400773;"F4";"R4";"B2";"P2"
3,47518003844149;"F4";"R4";"B2";"P2"
4,39943004866529;"F4";"R4";"B2";"P2"
5,43459006011594;"F4";"R6";"B5";"P2"
5,61944006216071;"F4";"R6";"B5";"P2"
6,13702006788604;"F4";"R6";"B5";"P2"
7,1616128154448;"F12";"R1";"B4";"P5"
6,0835205636574;"F12";"R1";"B4";"P5"
5,50597114305702;"F12";"R1";"B4";"P5"
5,65998432188379;"F12";"R1";"B4";"P5"
5,89100409012394;"F12";"R1";"B4";"P5"
6,5840633948444;"F12";"R1";"B4";"P5"
5,04393160657671;"F12";"R1";"B4";"P5"
6,31454033189756;"F12";"R1";"B4";"P5"
4,77440854362986;"F12";"R1";"B4";"P5"
7,58514905721842;"F12";"R1";"B4";"P5"
6,66106998425779;"F12";"R1";"B4";"P5"
4,31236900714956;"F12";"R2";"B4";"P2"
5,65998432188379;"F12";"R2";"B4";"P2"
7,73916223604519;"F12";"R2";"B4";"P2"
6,1605271530708;"F12";"R2";"B4";"P2"
4,73590524892317;"F12";"R2";"B4";"P2"
4,27386571244286;"F12";"R2";"B4";"P2"
5,27495137481687;"F12";"R2";"B4";"P2"
6,35304362660426;"F12";"R2";"B4";"P2"
5,46746784835033;"F12";"R2";"B4";"P2"
5,31345466952356;"F12";"R2";"B4";"P2"
6,96909634191133;"F12";"R2";"B4";"P2"
6,04501726895072;"F12";"R2";"B4";"P2"
6,54556010013772;"F12";"R5";"B4";"P4"
7,39263258368495;"F12";"R5";"B4";"P4"
4,04284594420271;"F12";"R5";"B4";"P4"
6,73807657367119;"F12";"R5";"B4";"P4"
4,42787889126963;"F12";"R5";"B4";"P4"
7,23861940485818;"F12";"R5";"B4";"P4"
5,50597114305703;"F12";"R5";"B4";"P4"
3,61930970242909;"F12";"R5";"B4";"P4"
7,50814246780503;"F12";"R5";"B4";"P4"
5,6599843218838;"F12";"R5";"B4";"P4"
7,93167870957864;"F12";"R5";"B4";"P4"
5,96801067953733;"F12";"R5";"B4";"P4"
5,39046125893695;"F12";"R3";"B1";"P4"
4,11985253361609;"F12";"R3";"B1";"P4"
5,5829777324704;"F12";"R3";"B1";"P4"
4,38937559656294;"F12";"R6";"B1";"P4"
5,39046125893694;"F12";"R6";"B1";"P4"
7,04610293132472;"F12";"R6";"B1";"P4"
6,6610699842578;"F12";"R3";"B1";"P4"
6,58406339484441;"F12";"R3";"B1";"P4"
5,1209381959901;"F12";"R3";"B1";"P4"
7,04610293132472;"F12";"R6";"B1";"P4"
6,6610699842578;"F12";"R6";"B1";"P4"
5,69848761659048;"F12";"R6";"B1";"P4"
5,0824349012834;"F12";"R3";"B1";"P4"
3,23427675536217;"F12";"R3";"B1";"P4"
5,54447443776372;"F12";"R6";"B1";"P4"
5,42896455364364;"F12";"R6";"B1";"P4"
3,92733606008263;"F12";"R6";"B1";"P4"
6,08352056365741;"F12";"R3";"B1";"P4"
6,1605271530708;"F12";"R3";"B1";"P4"
4,65889865950979;"F12";"R3";"B1";"P4"
6,46855351072434;"F12";"R6";"B1";"P4"
5,27495137481686;"F12";"R6";"B1";"P4"
5,35195796423025;"F12";"R6";"B1";"P4"
4,0813492389094;"F12";"R4";"B3";"P4"
4,0813492389094;"F12";"R4";"B3";"P4"
7,00759963661803;"F12";"R4";"B3";"P4"
7,39263258368495;"F12";"R4";"B3";"P4"
6,39154692131095;"F12";"R4";"B3";"P4"
5,39046125893694;"F12";"R4";"B3";"P4"
4,42787889126963;"F12";"R4";"B3";"P4"
4,15835582832278;"F12";"R4";"B3";"P4"
3,81182617596255;"F12";"R4";"B3";"P4"
4,19685912302948;"F12";"R4";"B3";"P4"
5,27495137481687;"F12";"R4";"B3";"P4"
3,34978663948224;"F12";"R4";"B3";"P4"
6,18478751750411;"F15";"R1";"B4";"P4"
7,58135244081148;"F15";"R1";"B4";"P4"
6,82321719673034;"F15";"R1";"B4";"P4"
5,78576896798771;"F15";"R1";"B4";"P4"
5,78576896798771;"F15";"R1";"B4";"P4"
7,66115615071476;"F15";"R1";"B4";"P4"
6,50400235711722;"F15";"R1";"B4";"P4"
6,82321719673033;"F15";"R1";"B4";"P4"
6,22468937245574;"F15";"R1";"B4";"P4"
7,34194131110165;"F15";"R1";"B4";"P4"
6,06508195264918;"F15";"R1";"B4";"P4"
5,66606340313279;"F15";"R1";"B4";"P4"
5,66606340313279;"F15";"R2";"B2";"P2"
5,58625969322951;"F15";"R2";"B2";"P2"
5,74586711303608;"F15";"R2";"B2";"P2"
6,70351163187542;"F15";"R2";"B2";"P2"
6,50400235711722;"F15";"R2";"B2";"P2"
7,38184316605329;"F15";"R2";"B2";"P2"
6,54390421206886;"F15";"R2";"B2";"P2"
5,98527824274591;"F15";"R2";"B2";"P2"
6,90302090663362;"F15";"R2";"B2";"P2"
6,98282461653689;"F15";"R2";"B2";"P2"
6,5838060670205;"F15";"R2";"B2";"P2"
7,22223574624673;"F15";"R2";"B2";"P2"
5,62616154818115;"F15";"R5";"B3";"P4"
6,94292276158525;"F15";"R5";"B3";"P4"
5,34684856351968;"F15";"R5";"B3";"P4"
8,33948768489264;"F15";"R5";"B3";"P4"
7,46164687595656;"F15";"R5";"B3";"P4"
7,10253018139182;"F15";"R5";"B3";"P4"
6,62370792197213;"F15";"R5";"B3";"P4"
6,70351163187541;"F15";"R5";"B3";"P4"
5,4665541283746;"F15";"R5";"B3";"P4"
5,30694670856804;"F15";"R5";"B3";"P4"
5,62616154818115;"F15";"R5";"B3";"P4"
5,18724114371312;"F15";"R5";"B3";"P4"
4,18969476992214;"F15";"R3";"B3";"P4"
5,38675041847131;"F15";"R3";"B3";"P4"
6,3842967922623;"F15";"R3";"B3";"P4"
5,74586711303607;"F15";"R6";"B2";"P4"
5,4665541283746;"F15";"R6";"B2";"P4"
5,42665227342296;"F15";"R6";"B2";"P4"
5,30694670856804;"F15";"R3";"B3";"P4"
5,78576896798771;"F15";"R3";"B3";"P4"
6,06508195264919;"F15";"R3";"B3";"P4"
5,30694670856804;"F15";"R6";"B2";"P4"
4,18969476992214;"F15";"R6";"B2";"P4"
5,02763372390657;"F15";"R6";"B2";"P4"
3,67097065555082;"F15";"R3";"B3";"P4"
2,07489645748525;"F15";"R3";"B3";"P4"
6,10498380760082;"F15";"R3";"B3";"P4"
5,10743743380984;"F15";"R6";"B2";"P4"
5,34684856351968;"F15";"R6";"B2";"P4"
5,22714299866476;"F15";"R6";"B2";"P4"
5,78576896798771;"F15";"R3";"B3";"P4"
6,18478751750411;"F15";"R3";"B3";"P4"
6,50400235711722;"F15";"R3";"B3";"P4"
6,06508195264919;"F15";"R6";"B2";"P4"
5,2670448536164;"F15";"R6";"B2";"P4"
4,78822259419673;"F15";"R6";"B2";"P4"
4,78822259419673;"F15";"R4";"B4";"P4"
8,77840808936067;"F15";"R4";"B4";"P4"
5,10743743380984;"F15";"R4";"B4";"P4"
4,58871331943853;"F15";"R4";"B4";"P4"
7,02272647148854;"F15";"R4";"B4";"P4"
5,14733928876148;"F15";"R4";"B4";"P4"
5,38675041847132;"F15";"R4";"B4";"P4"
7,26213760119837;"F15";"R4";"B4";"P4"
6,66360977692378;"F15";"R4";"B4";"P4"
5,86557267789099;"F15";"R4";"B4";"P4"
3,9502836402123;"F15";"R4";"B4";"P4"
4,46900775458361;"F15";"R4";"B4";"P4"
5,92170888920825;"F20";"R1";"B3";"P3"
7,42780825987393;"F20";"R1";"B3";"P3"
4,41560951854257;"F20";"R1";"B3";"P3"
3,7994779578157;"F20";"R5";"B1";"P3"
5,47672498423885;"F20";"R5";"B1";"P3"
7,25666060411646;"F20";"R5";"B1";"P3"
7,22243107296497;"F20";"R1";"B3";"P3"
6,36669279417766;"F20";"R1";"B3";"P3"
6,26400420072317;"F20";"R1";"B3";"P3"
5,85324982690526;"F20";"R5";"B1";"P3"
5,75056123345079;"F20";"R5";"B1";"P3"
4,58675717430003;"F20";"R5";"B1";"P3"
6,6062995122381;"F20";"R1";"B3";"P3"
5,81902029575377;"F20";"R1";"B3";"P3"
5,78479076460227;"F20";"R1";"B3";"P3"
5,71633170229929;"F20";"R5";"B1";"P3"
5,13442967272391;"F20";"R5";"B1";"P3"
7,39357872872243;"F20";"R5";"B1";"P3"
6,09285654496572;"F20";"R1";"B3";"P3"
8,00971028944931;"F20";"R1";"B3";"P3"
5,30557732848138;"F20";"R1";"B3";"P3"
7,01705388605601;"F20";"R5";"B1";"P3"
5,13442967272392;"F20";"R5";"B1";"P3"
5,33980685963287;"F20";"R5";"B1";"P3"
4,99751154811794;"F20";"R2";"B5";"P3"
7,39357872872244;"F20";"R2";"B5";"P3"
5,92170888920825;"F20";"R2";"B5";"P3"
4,21023233163361;"F20";"R2";"B5";"P3"
5,40826592193585;"F20";"R2";"B5";"P3"
4,82636389236048;"F20";"R2";"B5";"P3"
4,99751154811794;"F20";"R2";"B5";"P3"
5,64787263999631;"F20";"R2";"B5";"P3"
6,40092232532915;"F20";"R2";"B5";"P3"
5,44249545308735;"F20";"R2";"B5";"P3"
4,68944576775451;"F20";"R2";"B5";"P3"
6,1270860761172;"F20";"R2";"B5";"P3"
3,08065780363435;"F20";"R3";"B1";"P3"
4,86059342351197;"F20";"R3";"B1";"P3"
5,27134779732989;"F20";"R3";"B1";"P3"
5,27134779732989;"F20";"R3";"B1";"P3"
5,92170888920825;"F20";"R3";"B1";"P3"
4,79213436120899;"F20";"R3";"B1";"P3"
4,68944576775451;"F20";"R3";"B1";"P3"
5,23711826617839;"F20";"R3";"B1";"P3"
3,25180545939181;"F20";"R3";"B1";"P3"
3,04642827248286;"F20";"R3";"B1";"P3"
4,86059342351197;"F20";"R3";"B1";"P3"
4,17600280048212;"F20";"R3";"B1";"P3"
4,51829811199705;"F20";"R4";"B4";"P3"
5,99016795151123;"F20";"R4";"B4";"P3"
5,78479076460227;"F20";"R4";"B4";"P3"
7,35934919757094;"F20";"R6";"B3";"P3"
6,36669279417765;"F20";"R6";"B3";"P3"
6,22977466957168;"F20";"R6";"B3";"P3"
5,44249545308735;"F20";"R4";"B4";"P3"
4,75790483005749;"F20";"R4";"B4";"P3"
3,52564170860375;"F20";"R4";"B4";"P3"
5,2028887350269;"F20";"R6";"B3";"P3"
5,81902029575377;"F20";"R6";"B3";"P3"
5,61364310884481;"F20";"R6";"B3";"P3"
5,51095451539033;"F20";"R4";"B4";"P3"
5,10020014157242;"F20";"R4";"B4";"P3"
4,96328201696645;"F20";"R4";"B4";"P3"
5,13442967272391;"F20";"R6";"B3";"P3"
4,34715045623958;"F20";"R6";"B3";"P3"
5,75056123345078;"F20";"R6";"B3";"P3"
5,92170888920825;"F20";"R4";"B4";"P3"
5,61364310884481;"F20";"R4";"B4";"P3"
5,13442967272391;"F20";"R4";"B4";"P3"
3,62833030205823;"F20";"R6";"B3";"P3"
4,55252764314854;"F20";"R6";"B3";"P3"
6,40092232532915;"F20";"R6";"B3";"P3"
6,87936499023774;"F6";"R1";"B1";"P2"
6,87936499023774;"F6";"R1";"B1";"P2"
5,22972134461951;"F6";"R1";"B1";"P2"
6,84426618926714;"F6";"R1";"B1";"P2"
6,10719136888453;"F6";"R1";"B1";"P2"
6,14229016985512;"F6";"R1";"B1";"P2"
6,87936499023773;"F6";"R1";"B1";"P2"
5,75620335917852;"F6";"R1";"B1";"P2"
5,86149976209032;"F6";"R1";"B1";"P2"
6,94956259217894;"F6";"R1";"B1";"P2"
6,56347578150233;"F6";"R1";"B1";"P2"
7,72173621353216;"F6";"R1";"B1";"P2"
5,33501774753131;"F6";"R2";"B2";"P5"
4,07146091258968;"F6";"R2";"B2";"P5"
4,17675731550149;"F6";"R2";"B2";"P5"
4,42244892229569;"F6";"R2";"B2";"P5"
4,24695491744269;"F6";"R2";"B2";"P5"
3,65027530094248;"F6";"R2";"B2";"P5"
3,96616450967788;"F6";"R2";"B2";"P5"
4,52774532520749;"F6";"R2";"B2";"P5"
3,72047290288368;"F6";"R2";"B2";"P5"
4,00126331064848;"F6";"R2";"B2";"P5"
6,07209256791392;"F6";"R2";"B2";"P5"
4,98402973782531;"F6";"R2";"B2";"P5"
5,37011654850191;"F6";"R3";"B2";"P1"
4,42244892229569;"F6";"R3";"B2";"P1"
5,37011654850191;"F6";"R3";"B2";"P1"
4,14165851453088;"F6";"R5";"B5";"P1"
5,22972134461951;"F6";"R5";"B5";"P1"
4,59794292714869;"F6";"R5";"B5";"P1"
4,28205371841329;"F6";"R3";"B2";"P1"
4,80853573297229;"F6";"R3";"B2";"P1"
6,03699376694333;"F6";"R3";"B2";"P1"
6,31778417470813;"F6";"R5";"B5";"P1"
4,7032393300605;"F6";"R5";"B5";"P1"
3,82576930579548;"F6";"R5";"B5";"P1"
4,80853573297229;"F6";"R3";"B2";"P1"
4,7383381310311;"F6";"R3";"B2";"P1"
5,68600575723732;"F6";"R3";"B2";"P1"
3,54497889803067;"F6";"R5";"B5";"P1"
4,6330417281193;"F6";"R5";"B5";"P1"
4,49264652423689;"F6";"R5";"B5";"P1"
4,42244892229569;"F6";"R3";"B2";"P1"
3,40458369414827;"F6";"R3";"B2";"P1"
4,63304172811929;"F6";"R3";"B2";"P1"
5,96679616500212;"F6";"R5";"B5";"P1"
6,10719136888452;"F6";"R5";"B5";"P1"
4,24695491744269;"F6";"R5";"B5";"P1"
3,96616450967788;"F6";"R4";"B3";"P1"
5,44031415044312;"F6";"R4";"B3";"P1"
5,1946225436489;"F6";"R4";"B3";"P1"
5,61580815529611;"F6";"R6";"B3";"P1"
5,26482014559011;"F6";"R6";"B3";"P1"
4,28205371841329;"F6";"R6";"B3";"P1"
6,38798177664933;"F6";"R4";"B3";"P1"
6,70387098538474;"F6";"R4";"B3";"P1"
4,8436345339429;"F6";"R4";"B3";"P1"
6,52837698053173;"F6";"R6";"B3";"P1"
4,8787333349135;"F6";"R6";"B3";"P1"
4,24695491744269;"F6";"R6";"B3";"P1"
4,35225132035449;"F6";"R4";"B3";"P1"
2,94829928153046;"F6";"R4";"B3";"P1"
4,8085357329723;"F6";"R4";"B3";"P1"
5,37011654850191;"F6";"R6";"B3";"P1"
6,21248777179633;"F6";"R6";"B3";"P1"
4,7734369320017;"F6";"R6";"B3";"P1"
4,49264652423689;"F6";"R4";"B3";"P1"
4,7734369320017;"F6";"R4";"B3";"P1"
3,96616450967788;"F6";"R4";"B3";"P1"
5,40521534947251;"F6";"R6";"B3";"P1"
6,91446379120834;"F6";"R6";"B3";"P1"
5,1244249417077;"F6";"R6";"B3";"P1"
6,5282886726023;"F22";"R1";"B2";"P2"
8,9433781237384;"F22";"R1";"B2";"P2"
6,75470330864631;"F22";"R1";"B2";"P2"
6,22640249121028;"F22";"R1";"B2";"P2"
6,71696753597231;"F22";"R1";"B2";"P2"
7,54715453480034;"F22";"R1";"B2";"P2"
7,32073989875633;"F22";"R1";"B2";"P2"
7,69809762549635;"F22";"R1";"B2";"P2"
6,94338217201631;"F22";"R1";"B2";"P2"
8,26413421560637;"F22";"R1";"B2";"P2"
5,62263012842626;"F22";"R1";"B2";"P2"
2,75471140520213;"F22";"R1";"B2";"P2"
6,79243908132031;"F22";"R2";"B1";"P1"
8,41507730630239;"F22";"R2";"B1";"P1"
7,66036185282234;"F22";"R2";"B1";"P1"
5,96225208249227;"F22";"R2";"B1";"P1"
5,81130899179626;"F22";"R2";"B1";"P1"
6,22640249121029;"F22";"R2";"B1";"P1"
5,09432931099023;"F22";"R2";"B1";"P1"
5,43395126505625;"F22";"R2";"B1";"P1"
7,66036185282235;"F22";"R2";"B1";"P1"
7,13206103538633;"F22";"R2";"B1";"P1"
5,81130899179627;"F22";"R2";"B1";"P1"
5,69810167377426;"F22";"R2";"B1";"P1"
3,73584149472617;"F22";"R3";"B1";"P5"
5,32074394703424;"F22";"R3";"B1";"P5"
5,47168703773025;"F22";"R5";"B5";"P5"
5,88678053714427;"F22";"R5";"B5";"P5"
6,11319517318828;"F22";"R5";"B5";"P5"
5,77357321912226;"F22";"R6";"B2";"P5"
5,99998785516627;"F22";"R6";"B2";"P5"
5,73583744644826;"F22";"R6";"B2";"P5"
7,73583339817035;"F22";"R3";"B1";"P5"
6,41508135458029;"F22";"R3";"B1";"P5"
6,79243908132031;"F22";"R3";"B1";"P5"
4,2641423121622;"F22";"R5";"B5";"P5"
7,54715453480033;"F22";"R5";"B5";"P5"
6,5282886726023;"F22";"R5";"B5";"P5"
6,07545940051428;"F22";"R6";"B2";"P5"
6,03772362784028;"F22";"R6";"B2";"P5"
7,81130494351835;"F22";"R6";"B2";"P5"
5,32074394703424;"F22";"R3";"B1";"P5"
6,15093094586228;"F22";"R3";"B1";"P5"
3,58489840403016;"F22";"R3";"B1";"P5"
7,05658949003831;"F22";"R5";"B5";"P5"
3,62263417670416;"F22";"R5";"B5";"P5"
4,64150003890221;"F22";"R5";"B5";"P5"
8,03771957956236;"F22";"R6";"B2";"P5"
5,73583744644827;"F22";"R6";"B2";"P5"
5,73583744644826;"F22";"R6";"B2";"P5"
8,15092689758437;"F22";"R3";"B1";"P5"
7,09432526271232;"F22";"R3";"B1";"P5"
6,18866671853628;"F22";"R3";"B1";"P5"
7,09432526271232;"F22";"R5";"B5";"P5"
5,20753662901224;"F22";"R5";"B5";"P5"
2,98112604124613;"F22";"R5";"B5";"P5"
5,77357321912226;"F22";"R6";"B2";"P5"
6,4905528999283;"F22";"R6";"B2";"P5"
6,11319517318828;"F22";"R6";"B2";"P5"
7,09432526271232;"F22";"R4";"B1";"P5"
4,79244312959822;"F22";"R4";"B1";"P5"
7,16979680806033;"F22";"R4";"B1";"P5"
4,67923581157621;"F22";"R4";"B1";"P5"
6,26413826388429;"F22";"R4";"B1";"P5"
6,86791062666832;"F22";"R4";"B1";"P5"
6,49055289992829;"F22";"R4";"B1";"P5"
6,37734558190629;"F22";"R4";"B1";"P5"
5,69810167377426;"F22";"R4";"B1";"P5"
7,77356917084436;"F22";"R4";"B1";"P5"
6,7169675359723;"F22";"R4";"B1";"P5"
6,34014400892676;"F11";"R1";"B5";"P5"
6,26930441106165;"F11";"R1";"B5";"P5"
5,02961144842235;"F11";"R1";"B5";"P5"
5,41922923668042;"F11";"R1";"B5";"P5"
4,53373426336663;"F11";"R1";"B5";"P5"
5,49006883454551;"F11";"R1";"B5";"P5"
5,41922923668041;"F11";"R1";"B5";"P5"
5,0650312473549;"F11";"R1";"B5";"P5"
4,9233520516247;"F11";"R1";"B5";"P5"
5,49006883454552;"F11";"R1";"B5";"P5"
4,0378570783109;"F11";"R1";"B5";"P5"
5,52548863347808;"F11";"R1";"B5";"P5"
5,24213024201767;"F11";"R5";"B4";"P2"
5,24213024201766;"F11";"R5";"B4";"P2"
5,49006883454552;"F11";"R5";"B4";"P2"
4,71083325802938;"F11";"R5";"B4";"P2"
5,20671044308511;"F11";"R5";"B4";"P2"
4,63999366016428;"F11";"R5";"B4";"P2"
5,45464903561296;"F11";"R5";"B4";"P2"
5,02961144842235;"F11";"R5";"B4";"P2"
5,02961144842234;"F11";"R5";"B4";"P2"
4,92335205162469;"F11";"R5";"B4";"P2"
6,2338846121291;"F11";"R5";"B4";"P2"
5,31296983988277;"F11";"R5";"B4";"P2"
4,74625305696193;"F11";"R2";"B1";"P4"
4,0378570783109;"F11";"R2";"B1";"P4"
4,28579567083876;"F11";"R2";"B1";"P4"
5,31296983988276;"F11";"R2";"B1";"P4"
3,54197989325518;"F11";"R2";"B1";"P4"
4,14411647510856;"F11";"R2";"B1";"P4"
5,0650312473549;"F11";"R2";"B1";"P4"
6,37556380785932;"F11";"R2";"B1";"P4"
4,63999366016428;"F11";"R2";"B1";"P4"
6,55266280252207;"F11";"R2";"B1";"P4"
4,60457386123173;"F11";"R2";"B1";"P4"
5,91510642173615;"F11";"R2";"B1";"P4"
5,77342722600593;"F11";"R3";"B3";"P2"
3,50656009432262;"F11";"R3";"B3";"P2"
3,89617788258069;"F11";"R3";"B3";"P2"
4,74625305696194;"F11";"R3";"B3";"P2"
4,25037587190621;"F11";"R3";"B3";"P2"
4,67541345909683;"F11";"R3";"B3";"P2"
4,63999366016428;"F11";"R3";"B3";"P2"
3,61281949112028;"F11";"R3";"B3";"P2"
4,74625305696194;"F11";"R3";"B3";"P2"
4,32121546977131;"F11";"R3";"B3";"P2"
3,68365908898538;"F11";"R3";"B3";"P2"
4,0378570783109;"F11";"R3";"B3";"P2"
5,27755004095021;"F11";"R4";"B5";"P2"
6,87144099291504;"F11";"R4";"B5";"P2"
5,56090843241062;"F11";"R6";"B3";"P2"
5,0650312473549;"F11";"R6";"B3";"P2"
5,49006883454552;"F11";"R6";"B3";"P2"
5,9505262206687;"F11";"R4";"B5";"P2"
6,37556380785932;"F11";"R4";"B5";"P2"
6,55266280252207;"F11";"R4";"B5";"P2"
5,38380943774787;"F11";"R6";"B3";"P2"
4,32121546977131;"F11";"R6";"B3";"P2"
6,0213658185338;"F11";"R6";"B3";"P2"
4,21495607297366;"F11";"R4";"B5";"P2"
5,13587084522001;"F11";"R4";"B5";"P2"
4,67541345909683;"F11";"R4";"B5";"P2"
5,49006883454553;"F11";"R6";"B3";"P2"
5,24213024201765;"F11";"R6";"B3";"P2"
5,45464903561298;"F11";"R6";"B3";"P2"
4,9941916494898;"F11";"R4";"B5";"P2"
5,0650312473549;"F11";"R4";"B5";"P2"
5,34838963881531;"F11";"R4";"B5";"P2"
4,78167285589449;"F11";"R6";"B3";"P2"
4,28579567083876;"F11";"R6";"B3";"P2"
5,73800742707339;"F11";"R6";"B3";"P2"
6,65043014840905;"F19";"R1";"B3";"P4"
7,39311777919585;"F19";"R1";"B3";"P4"
6,61667161973693;"F19";"R1";"B3";"P4"
6,31284486168779;"F19";"R1";"B3";"P4"
3,54464551057336;"F19";"R1";"B3";"P4"
6,41412044770417;"F19";"R1";"B3";"P4"
6,0765351609829;"F19";"R1";"B3";"P4"
6,92049837778607;"F19";"R1";"B3";"P4"
6,2115692756714;"F19";"R1";"B3";"P4"
6,41412044770416;"F19";"R1";"B3";"P4"
5,43512311621248;"F19";"R1";"B3";"P4"
5,97525957496651;"F19";"R1";"B3";"P4"
5,0975378294912;"F19";"R2";"B1";"P3"
5,60391575957311;"F19";"R2";"B1";"P3"
5,40136458754035;"F19";"R5";"B3";"P3"
4,75995254276994;"F19";"R5";"B3";"P3"
5,09753782949121;"F19";"R5";"B3";"P3"
2,32933847837677;"F19";"R2";"B1";"P3"
5,09753782949121;"F19";"R2";"B1";"P3"
7,35935925052373;"F19";"R2";"B1";"P3"
6,14405221832714;"F19";"R5";"B3";"P3"
5,06377930081907;"F19";"R5";"B3";"P3"
6,0765351609829;"F19";"R5";"B3";"P3"
4,5911598994093;"F19";"R2";"B1";"P3"
5,16505488683546;"F19";"R2";"B1";"P3"
5,70519134558949;"F19";"R2";"B1";"P3"
4,65867695675355;"F19";"R5";"B3";"P3"
5,06377930081908;"F19";"R5";"B3";"P3"
6,04277663231077;"F19";"R5";"B3";"P3"
5,87398398895013;"F19";"R2";"B1";"P3"
5,63767428824524;"F19";"R2";"B1";"P3"
5,40136458754035;"F19";"R2";"B1";"P3"
4,2198160840159;"F19";"R5";"B3";"P3"
5,06377930081908;"F19";"R5";"B3";"P3"
6,24532780434353;"F19";"R5";"B3";"P3"
4,69243548542568;"F19";"R3";"B5";"P3"
5,46888164488461;"F19";"R3";"B5";"P3"
5,43512311621248;"F19";"R3";"B5";"P3"
5,43512311621248;"F19";"R3";"B5";"P3"
5,60391575957311;"F19";"R3";"B5";"P3"
4,79371107144206;"F19";"R3";"B5";"P3"
4,38860872737653;"F19";"R3";"B5";"P3"
4,35485019870441;"F19";"R3";"B5";"P3"
4,38860872737654;"F19";"R3";"B5";"P3"
3,98350638331101;"F19";"R3";"B5";"P3"
3,61216256791761;"F19";"R3";"B5";"P3"
5,0975378294912;"F19";"R3";"B5";"P3"
5,63767428824525;"F19";"R4";"B3";"P3"
5,87398398895013;"F19";"R4";"B3";"P3"
5,73894987426162;"F19";"R4";"B3";"P3"
5,80646693160588;"F19";"R6";"B5";"P3"
6,48163750504842;"F19";"R6";"B5";"P3"
5,70519134558949;"F19";"R6";"B5";"P3"
5,63767428824525;"F19";"R4";"B3";"P3"
5,16505488683546;"F19";"R4";"B3";"P3"
5,70519134558949;"F19";"R4";"B3";"P3"
5,84022546027801;"F19";"R6";"B5";"P3"
6,27908633301566;"F19";"R6";"B5";"P3"
5,03002077214695;"F19";"R6";"B5";"P3"
5,57015723090098;"F19";"R4";"B3";"P3"
5,19881341550759;"F19";"R4";"B3";"P3"
5,87398398895013;"F19";"R4";"B3";"P3"
6,14405221832715;"F19";"R6";"B5";"P3"
6,54915456239268;"F19";"R6";"B5";"P3"
6,11029368965503;"F19";"R6";"B5";"P3"
4,5911598994093;"F19";"R4";"B3";"P3"
5,97525957496652;"F19";"R4";"B3";"P3"
4,32109167003228;"F19";"R4";"B3";"P3"
6,17781074699927;"F19";"R6";"B5";"P3"
5,4688816448846;"F19";"R6";"B5";"P3"
7,29184219317948;"F19";"R6";"B5";"P3"
6,03266253426376;"F25";"R1";"B4";"P3"
8,48662695498122;"F25";"R1";"B4";"P3"
6,98698203120945;"F25";"R1";"B4";"P3"
7,2596447446225;"F25";"R1";"B4";"P3"
6,95289919203281;"F25";"R1";"B4";"P3"
7,6004731363888;"F25";"R1";"B4";"P3"
6,06674537344039;"F25";"R1";"B4";"P3"
6,95289919203282;"F25";"R1";"B4";"P3"
6,06674537344039;"F25";"R1";"B4";"P3"
6,03266253426376;"F25";"R1";"B4";"P3"
6,95289919203281;"F25";"R1";"B4";"P3"
6,85065067450291;"F25";"R1";"B4";"P3"
5,3169229115545;"F25";"R5";"B1";"P4"
6,44165660438334;"F25";"R5";"B1";"P4"
5,21467439402461;"F25";"R5";"B1";"P4"
6,03266253426376;"F25";"R5";"B1";"P4"
6,47573944355997;"F25";"R5";"B1";"P4"
5,38508858990777;"F25";"R5";"B1";"P4"
6,54390512191324;"F25";"R5";"B1";"P4"
6,68023647861977;"F25";"R5";"B1";"P4"
6,23715956932354;"F25";"R5";"B1";"P4"
7,39597610132902;"F25";"R5";"B1";"P4"
6,37349092603008;"F25";"R5";"B1";"P4"
5,28284007237787;"F25";"R5";"B1";"P4"
6,20307673014692;"F25";"R2";"B1";"P2"
4,94201168061156;"F25";"R2";"B1";"P2"
6,44165660438333;"F25";"R2";"B1";"P2"
6,74840215697302;"F25";"R2";"B1";"P2"
7,22556190544587;"F25";"R2";"B1";"P2"
5,93041401673387;"F25";"R2";"B1";"P2"
5,45325426826103;"F25";"R2";"B1";"P2"
4,94201168061156;"F25";"R2";"B1";"P2"
5,48733710743766;"F25";"R2";"B1";"P2"
5,04426019814145;"F25";"R2";"B1";"P2"
6,16899389097029;"F25";"R2";"B1";"P2"
6,03266253426376;"F25";"R2";"B1";"P2"
3,68094663107619;"F25";"R3";"B2";"P4"
4,1240235403724;"F25";"R3";"B2";"P4"
4,46485193213872;"F25";"R3";"B2";"P4"
5,04426019814144;"F25";"R3";"B2";"P4"
2,69254429495388;"F25";"R3";"B2";"P4"
3,98769218366588;"F25";"R3";"B2";"P4"
5,38508858990776;"F25";"R3";"B2";"P4"
3,98769218366587;"F25";"R3";"B2";"P4"
3,78319514860609;"F25";"R3";"B2";"P4"
4,19218921872567;"F25";"R3";"B2";"P4"
4,53301761049198;"F25";"R3";"B2";"P4"
5,04426019814145;"F25";"R3";"B2";"P4"
5,82816549920398;"F25";"R4";"B2";"P4"
5,28284007237787;"F25";"R4";"B2";"P4"
5,07834303731808;"F25";"R4";"B2";"P4"
5,35100575073113;"F25";"R6";"B4";"P4"
5,48733710743766;"F25";"R6";"B4";"P4"
5,04426019814145;"F25";"R6";"B4";"P4"
5,4191714290844;"F25";"R4";"B2";"P4"
5,72591698167408;"F25";"R4";"B2";"P4"
4,60118328884524;"F25";"R4";"B2";"P4"
5,65775130332082;"F25";"R6";"B4";"P4"
6,30532524767682;"F25";"R6";"B4";"P4"
7,19147906626922;"F25";"R6";"B4";"P4"
4,90792884143493;"F25";"R4";"B2";"P4"
4,63526612802187;"F25";"R4";"B2";"P4"
5,01017735896482;"F25";"R4";"B2";"P4"
4,36260341460882;"F25";"R6";"B4";"P4"
4,90792884143493;"F25";"R6";"B4";"P4"
5,72591698167408;"F25";"R6";"B4";"P4"
5,04426019814145;"F25";"R4";"B2";"P4"
3,78319514860609;"F25";"R4";"B2";"P4"
5,18059155484797;"F25";"R4";"B2";"P4"
5,35100575073113;"F25";"R6";"B4";"P4"
5,99857969508712;"F25";"R6";"B4";"P4"
5,3169229115545;"F25";"R6";"B4";"P4"